web-scraper-order,web-scraper-start-url,pagination-selector,data,data2,data3,data4,data5,data6,
1761674115-1,https://movie.douban.com/subject/27180943/comments?status=P,,Ê§Íû,ÓĞÓÃ,3446,Gessie,2020-07-15 23:32:09,¿´¹ı,
1761674115-2,https://movie.douban.com/subject/27180943/comments?status=P,,"Õâ°æ½²µÄÊÇÊ®ÄêÖ®ºó£¬ÎâĞ°°ÚÆ½ÀÏ¾ÅÃÅµÄ¸÷ÖÖÊÂÇé£¬´ÓÇàÍ­ÃÅºó½Ó»ØÕÅÆğÁé£¬ºÍÅÖ×ÓÒ»Æğ£¬Èı¸öÈËÕÒÈıÊåµÄ¹ÊÊÂ¡£²»Í¬ÓÚ±¾´«£¬ÎâĞ°ÔÚÕâ°æÔâÓö¡°ÖĞÄêÎ£»ú¡±£¬Éí»¼ÖØ²¡£¬ÖØÆôµÄÎâĞ°¸ü¼Ó³ÉÊì£¬Ò²ÔÚ¸÷ÖÖ¸÷ÑùµÄÀúÏÕÖĞÃÔÊ§ÁË×Ô¼º¡£Õâ²¿¸ü×¢ÖØËûºÍÌúÈı½Ç¡¢ºÍÈıÊå¡¢ºÍÆäËûÇ×ÓÑµÄî¿°í£¬¸ü×¢ÖØÑ°ÕÒ×Ô¼º£¬Ó¦¸Ã»áÓĞ¸ü¶àÀáµãÅ°µã°É¡£
ÖìÒ»Áú±Æ×ÅÈıÊåÌîÁË²»ÉÙ¿Ó£¨²»ÊÇ£¬×·Õâ²¿¿Ï¶¨Ã»´íµÄ¡£×îºóÎÒÔÙ´óÉùº°Ò»¾äÌúÈı½Çszd£¡£¡",ÓĞÓÃ,17666,ÊşÄû,2020-07-15 20:08:58,¿´¹ı,
1761674115-3,https://movie.douban.com/subject/27180943/comments?status=P,,ÌØĞ§ÈÃÎÒ·Â·ğ¿´µ½¾­·ÑÔÚÈ¼ÉÕ£¡£¡£¡ÑİÔ±ÕóÈİÇ¿´ó£¬¾çÇéÒ²ºÜ½ô´Õ¡£ÏÄÈÕÖØÆô£¬ÌúÈı½ÇÖØ¾Û£¬ÈıÊåÕâ´ÎÖÕÓÚÄÜÕ¾ÆğÀ´ÁË£¡£¡£¡,ÓĞÓÃ,16220,ĞÇÒ°,2020-07-15 20:06:15,¿´¹ı,
1761674115-4,https://movie.douban.com/subject/27180943/comments?status=P,,ËµÀ´ÆæÃî£¬¿´µÁ±ÊµÄÊ±ºòÎÒÊÇÉÙÄê£¬ÎâĞ°Ò²ÊÇÉÙÄê¡£ÏÖÔÚÊ®¶àÄê¹ıÈ¥£¬ÎÒ¿ìµ½ÖĞÄê£¬¿´µ½ÖĞÄêµÄÎâĞ°£¬ÍêÈ«ÄÜÌåÎ¶µ½ËûµÄ³É³¤£¬À§»ó£¬ËûÉíÉÏ±³¸ºµÄ¼ÒÍ¥ÔğÈÎÓëÉç»áÔğÈÎ¡£´ÓÑİÔ±Ñİ¼¼µ½ÌØĞ§ºÍµÀ¾ß²¼¾°µÄ±ÆÕæ¶È£¬¶¼ºÜ»¹Ô­Ô­Öø£¬ÈıÊåÇ××Ô²Ùµ¶²¢Î´ÈÃÈËÊ§Íû¡£ÆÚ´ıºóĞø¾ç¼¯¡£,ÓĞÓÃ,13922,Citrus,2020-07-15 20:18:46,¿´¹ı,
1761674115-5,https://movie.douban.com/subject/27180943/comments?status=P,,Èı·ÖÖÓÈÃÄãÆú¿Ó¡£,ÓĞÓÃ,5643,¹ØÉ½ÄÑÔ½,2020-07-15 23:36:57,¿´¹ı,
1761674115-6,https://movie.douban.com/subject/27180943/comments?status=P,,²»ÍÆ¼öÀÏ·Û¿´,ÓĞÓÃ,2262,ÎÒ²»ÊÇmomo,2020-07-15 20:34:33,¿´¹ı,
1761674115-7,https://movie.douban.com/subject/27180943/comments?status=P,,ÖìÒ»ÁúËÜÔì½ÇÉ«µÄÄÜÁ¦ÕæÊÇ²î¡£´òÌ¨ÇòÄÇ¶ÎËûËµ¡°ÏÈ¸øËû»»Ò»¸ö¸Ë¡±¡£ºÃÃ÷ÏÔµÄ±íÑİÓëÈËÉè²»·û¡£Õû²¿¾çÖÊÁ¿Ã÷ÏÔ»¹²»ÈçÉ³º£,ÓĞÓÃ,1609,Jamin,2020-07-15 21:59:26,¿´¹ı,
1761674115-8,https://movie.douban.com/subject/27180943/comments?status=P,,"Ì«Ï²»¶ÎâĞ°ÁË,¿´ÊéµÄÊ±ºò£¬ÎÒÏëÏóÖĞµÄÎâĞ°´Óß³²ï·çÔÆµÄĞ¡ÈıÒ¯£¬±ä³É²¡Èë¸àëÁµÄ²¡Ñí×Ó£¬ÕâĞ©×ª±äÎÒÒ»¿ªÊ¼ÊÇ¾Ü¾øµÄ¡£µ«ÊÇ¿´¼û¾ç°æĞ¡ÈıÒ¯ÔÚÎâÉ½¾Ó·¢´ô£¬ÄÇÌìÕæÓÖ²×É£µÄÄ£Ñù£¬·Â·ğÒ»ÇĞ¶¼ÖØÆôÁË£¬ÕæÊÇ·Ç³£ÆÚ´ıÁË¡£",ÓĞÓÃ,12679,ÉîÒ»,2020-07-15 20:13:11,¿´¹ı,
1761674115-9,https://movie.douban.com/subject/27180943/comments?status=P,,ÌØĞ§Ò²Ì«Å£±ÆÁË°É£¡£¡£¡£¡£¡°¡°¡°¡»­ÃæºÃÓĞÖÊ¸Ğ£¡£¡£¡£¡ÖØÆô³å³å³å£¡£¡ÿ,ÓĞÓÃ,11798,°ºÅÁÅÁË¹,2020-07-15 20:01:36,¿´¹ı,
1761674115-10,https://movie.douban.com/subject/27180943/comments?status=P,,¿ç¹ıÔÆ¶¥Ìì¹¬µÄ²ÔáÛ£¬´©Ô½Áù½ÇÍ­ÁåµÄÃÔÎí£¬»¯½âÉßÕÓ¹í³ÇµÄÒõö²£¬Ç±ÈëÒõÉ½¹ÅÂ¥µÄÉîÌ¶ÿÿÊ®ÄêÖÖÖÖ½ÔÎª¹ıÍù£¬¿´ÎâĞ°Ò»Â·¿²¿À£¬ÔÚÃüÔËµÄËº³¶ÀïÍÉ±ä³Éµû¡£ÖìÒ»ÁúÊÎÑİµÄÎâĞ°£¬¿ªÆôÖØÆô¾ÈÊêÖ®Â·,ÓĞÓÃ,10652,____girls,2020-07-15 20:13:06,¿´¹ı,
1761674115-11,https://movie.douban.com/subject/27180943/comments?status=P,,ÄÏÅÉÈıÊåµÄÊéÊ®ÄêÇ°¶Á¹ıÒ»Ğ©£¬µ±Ê±ÕæµÄ±»ÈıÊåÆæÌØµÄÏëÏóÁ¦Õğº³ÁË£¬Ò²±»¡°ÌúÈı½Ç¡±ÎâĞ°¡¢ÅÖ×ÓºÍĞ¡¸çµÄÓÑÇé´¥¶¯¡£Õâ´ÎÕıºÃ³Ë×ÅÊî¼Ù¸ÏÉÏ¡¶ÖØÆô¡·ÁË£¬Ô¤¸æÆ¬Àï½Ú×àµ½Î»£¬·ş»¯µÀ¸øÁ¦£¬ÑİÔ±ÕóÈİÒ²ºÜÇ¿´ó£¬ÌúÈı½ÇÈËÑ¡Ïàµ±µÄ¸øÁ¦°¡¡£ÓĞÓÄÄ¬ÓĞ½ôÕÅ£¬ÕÅ³ÚÓĞ¶È£¬µõÎ¸¿ÚµÄÍ¬Ê±»¹¶¶°ü¸¤£¬ºÜ¶ÔÎÒµÄÎ¸¿Ú°¡¡£¿´ÍêµÚÒ»¼¾£¬·Ç³£Ï²»¶£¬5ĞÇ£¬µÈµÚ¶ş¼¾¡£,ÓĞÓÃ,9441,ÆÓÊµÎŞ»ªµÄÑô¹â,2020-07-15 20:27:09,¿´¹ı,
1761674115-12,https://movie.douban.com/subject/27180943/comments?status=P,,Õâ¸öÌØĞ§Ë®×¼ÖÆ×÷¾«Á¸°¡£¬¸Ğ¾õÓĞÔÚºÜÓÃĞÄ×öºóÆÚ£¡ÌúÈı½ÇµÄ»¥¶¯ºÜÓĞ°®£¬ÖìÒ»ÁúÕâ°æµÄÎâĞ°Ì«ºÃ¿´ÁË£¡ÇéĞ÷ÌØ±ğµ½Î»£¬Ï£ÍûºóÃæ²»ÒªÌ«Å°£¡,ÓĞÓÃ,8796,¿§·ÈÄÔ´ü²»»á·É,2020-07-15 20:23:00,¿´¹ı,
1761674115-13,https://movie.douban.com/subject/27180943/comments?status=P,,ºÜºÃ¿´£¬ÕæµÄÊÇÁ¼ĞÄ¾ç×é¡£»­ÃæÌØĞ§Ñ¡½Ç¶¼Ê®·ÖÓÅĞã£¬ÖÊ¸Ğ·Ç³£²»´í£¬ÑİÔ±Ñİ¼¼ÔÚÏß£¬ÈËÎï¶¼ºÜÁ¢Ìå±¥Âú,ÓĞÓÃ,7800,´ó¿É°®³öÏÖÀ²,2020-07-15 20:08:09,¿´¹ı,
1761674115-14,https://movie.douban.com/subject/27180943/comments?status=P,,»¹ĞĞ°É¾çÇé¡£,ÓĞÓÃ,108,±¼ÅÜµÄĞ¡Å£´«Ææ,2020-07-18 23:37:53,¿´¹ı,
1761674115-15,https://movie.douban.com/subject/27180943/comments?status=P,,ÎÒÒª¿ŞÁË£¬Ä¬Ä¬Åã°é±Ê¼ÇµÄÓ°ÊÓ»¯µÀÂ·ÕâĞ©Äê£¬¿´×ÅÈıÊå´ÓÓ°ÊÓÈ¦Ğ¡°×µ½½ñÌìµÄ×î¸ß»°ÊÂÈË×Ü±à¼­£¬×ÜÖÆÆ¬¡£ÎÒ¿ÉÒÔ½¾°ÁµÄÏòËùÓĞÈË°²ÀûÄÏÅÉ·ºÓéµÄ´ú±í×÷¡£ÈıÊå£¬ÈËÀ´ÈËÍù£¬ÎÒÃÇ¹ÊÊÂÖĞ¼û¡£,ÓĞÓÃ,1305,Æë·É,2020-07-15 20:35:13,¿´¹ı,
1761674115-16,https://movie.douban.com/subject/27180943/comments?status=P,,ŞÎ,ÓĞÓÃ,124,ÌğÃÛµÄËÀÍö,2020-07-21 03:25:17,¿´¹ı,
1761674115-17,https://movie.douban.com/subject/27180943/comments?status=P,,ÎâĞ°Ì«¿ÉÁË£¬ÍêÈ«´úÈëÁËÖØÆôÀïÃæĞ¡ÈıÒ¯µÄÓ°×Ó£¬¿´µ½ÖìÒ»ÁúÊÎÑİµÄÎâĞ°Ò»³ö³¡£¬°ëµã²×É££¬°ëµã¶ùÌìÕæ£¬ÔÙ×ôµã¶ù·Åµ´²»î¿£¬ÓĞÄÇÎ¶¶ùÁË¡£,ÓĞÓÃ,1226,Ò»Æ¬ºÃÅ£ÅÅ,2020-07-15 20:34:47,¿´¹ı,
1761674115-18,https://movie.douban.com/subject/27180943/comments?status=P,,Õâ¾çÓĞÖÖ¿´µçÓ°µÄ¸Ğ¾õ£¬Æø·ÕºÜ×ã£¬ÕæµÄÊÇÆÚ´ıºÜ¾ÃÁË£¬ÖÕÓÚµÈµ½£¡,ÓĞÓÃ,1173,Ìñ,2020-07-15 20:48:19,¿´¹ı,
1761674115-19,https://movie.douban.com/subject/27180943/comments?status=P,,Õâ°æÎâĞ°£¬¼´Ê¹×Ü±»ÃüÔË¹üĞ®×Å¾­ÀúÖÖÖÖ£¬ËûµÄÑÛÀïÔÚÉîåäÖ®ÏÂ»¹°ü²Ø×Å²»ÇüºÍÉÆÁ¼¡£,ÓĞÓÃ,1230,ÇåË¼,2020-07-15 20:31:05,¿´¹ı,
1761674115-20,https://movie.douban.com/subject/27180943/comments?status=P,,Ê×²¥»¹²»´í°¡£¬ÈıÊåÔ½À´Ô½ÉñÃØÁË£¬ÔÚÄÏ¾©¹ÄÂ¥ÆøÏó²©Îï¹İÁô¸øÎâĞ°µÄÏßË÷ÉñÉñÃØÃØµÄ£¬¸Ğ¾õ·ü±ÊºÃ¶à°¡¡£ÆÚ´ıÎâĞ°ÄÜÍ¨¹ıÖëË¿Âí¼£¾¡¿ìÕÒµ½À×³ÇµÄÃØÃÜ¡£ÁíÍâ³¡¾°ÕæµÄºÃÓĞÁ¢Ìå¸Ğ°¡¡£,ÓĞÓÃ,1093,°²ºÍÇÅ°é×à,2020-07-15 20:33:01,¿´¹ı,
1761674118-21,https://movie.douban.com/subject/27180943/comments?status=P,https://movie.douban.com/subject/27180943/comments?start=20&limit=20&sort=new_score&status=P&percent_type=,ÎÒµÄÌì£¬ÖØÆôµÄÖÊ¸ĞºÃºÃ°¡ºÃºÃ°¡ºÃºÃ°¡£¡£¡Ï²¼«¶øÆü£¡£¡£¡µçÓ°´óÆ¬¼ÈÊÓ¸Ğ£¡£¡£¡ÈıÊåÕâ´ÎÕæµÄÔÚÓÃĞÄ×ö¾ç£¡ÑİÔ±·ş×°µÀ¾ßÌØĞ§ÄÄ¶ùÄÄ¶ùÄÄ¶ù¶¼´ÁÎÒ°¡°¡°¡°¡°¡£¡£¡£¡ÈıÊåÖ»ÒªÄãÒÔºó¶¼±£³ÖÕâ¸öË®×¼£¡ÎÒ¿ÉÒÔÔÙ°®ÄãÒ»ÍòÄêÒ»ÍòÄê£¡£¡£¡ÒÔºóÎÒ·¢ÊÄÎÒÔÙÒ²²»½ĞÄã³ÔÒ©ÁË£¡£¡£¡ÈıÊåÕâ´ÎÄãÑ¡µÄËùÓĞÑİÔ±¶¼Ì«Ì«Ì«ÌùÁË£¡£¡£¡Ò¯Çà»Ø°¡°¡°¡°¡°¡£¡£¡£¡,ÓĞÓÃ,1075,iris,2020-07-15 20:45:38,¿´¹ı,
1761674118-22,https://movie.douban.com/subject/27180943/comments?status=P,https://movie.douban.com/subject/27180943/comments?start=20&limit=20&sort=new_score&status=P&percent_type=,ÎâĞ°µÄÉùÒôÓÖ²»Ò»ÑùÁË£¬ºÃÏñ¾Í³ÉÎªÁËËû£¬Ì«¾«²ÊÁËÕâ¸ö¾çÇé£¬²»Í÷µÈ´ıÁËÕâÃ´¾Ã,ÓĞÓÃ,1027,Leo_,2020-07-15 20:31:35,¿´¹ı,
1761674118-23,https://movie.douban.com/subject/27180943/comments?status=P,https://movie.douban.com/subject/27180943/comments?start=20&limit=20&sort=new_score&status=P&percent_type=,Ã°(dao)ÏÕ(mu)µÄÕ÷Í¾ÖØÆô£¬´ò¹ÖÉı¼¶µÄÍÅÕ½ÔõÒ»¸öË¬×ÖÁËµÃ£¡ÌúÈı½ÇºÍ»¤Ğ°Ğ¡·Ö¶Ó³å³å³å°¡£¡,ÓĞÓÃ,985,×··çóİµÄ°ÉÀ²,2020-07-15 20:31:11,¿´¹ı,
1761674118-24,https://movie.douban.com/subject/27180943/comments?status=P,https://movie.douban.com/subject/27180943/comments?start=20&limit=20&sort=new_score&status=P&percent_type=,Õâ²¿¿ªÆª¾ÍºÜÎüÒıÈË£¡£¡£¡ÅÄÉã²»¹ÜÊÇ´Ó³¡¾°ÔË¹â¡¢¾µÍ·ÇĞ»»»¹ÊÇÑİÔ±µÄÑİ¼¼°¡£¬¶¼·Ç³£²»´í¡£»­ÃæºÜÓĞÖÊ¸Ğ£¬µÀ¾ß»¹Ô­¶ÈºÃ£¬ÖÆ×÷Ïàµ±ÓÃĞÄ¡£ÌØĞ§ÔÚµçÊÓ¾çÖĞÓ¦¸ÃÊôÓÚÏàµ±²»´íÁË£¬¶ÔºóÃæµÄ¾çÇéºÜÆÚ´ı£¡£¡,ÓĞÓÃ,993,Ò»Æ¬ÂäÒ¶,2020-07-15 20:25:19,¿´¹ı,
1761674118-25,https://movie.douban.com/subject/27180943/comments?status=P,https://movie.douban.com/subject/27180943/comments?start=20&limit=20&sort=new_score&status=P&percent_type=,Õâ¸ùÑÌ£¬ÎÒÏë¸øÄãÆşÁË,ÓĞÓÃ,2903,Ø¯Òª Ç« Ğé,2020-07-15 20:32:02,¿´¹ı,
1761674118-26,https://movie.douban.com/subject/27180943/comments?status=P,https://movie.douban.com/subject/27180943/comments?start=20&limit=20&sort=new_score&status=P&percent_type=,¸Õ¿´ÁË¿ªÍ·¾ÍÓû°Õ²»ÄÜ°¡£¬ÖìÒ»ÁúºÃÌù½ÇÉ«£¬ÍõÅÖ×Ó¿ÚÖĞÄÇÎ»¡°ÇåĞÂÍÑË×Ğ¡ÀÉ¾ı£¬ÓñÊ÷ÁÙ·çĞ¡ÀÉ¾ı¡±µÄÎâĞ°¾ßÏó»¯ÁË£¬ ¡°Ê®·ÖÓĞÇ×ºÍÁ¦£¬ÈÃÈË¿´×ÅĞÄÀï²»·³¡±£¬¶øÇÒÑİ¼¼ºÍÑÛ¼¼¶¼ºÜ¸øÁ¦£¬ÎåĞÇÖ§³Ö¡£,ÓĞÓÃ,6214,Ïã½¹Ã»Êì,2020-07-15 20:18:06,¿´¹ı,
1761674118-27,https://movie.douban.com/subject/27180943/comments?status=P,https://movie.douban.com/subject/27180943/comments?start=20&limit=20&sort=new_score&status=P&percent_type=,ÎÒÕæµÄ²»___£¬¼¸½üŞÏŞÎ¡£¶Ô²»Æğ£¬ÖìÒ»ÁúÃ«ÏşÍ®ÕâÖÖ²»½Ğ¾çÅ×Á³£¬½Ğ×öË­Ò²Ñİ²»ºÃ¡£,ÓĞÓÃ,2319,ÎÒµÄÒ»Ğ¡²¿·Ö,2020-07-16 06:15:00,¿´¹ı,
1761674118-28,https://movie.douban.com/subject/27180943/comments?status=P,https://movie.douban.com/subject/27180943/comments?start=20&limit=20&sort=new_score&status=P&percent_type=,¿´¹ıÖØÆô¼«º£ÌıÀ×µÄÔ¤¸æÆ¬£¬Ğ¡ÈıÒ¯ºÍ¶şÊåÒ»¿é¶ù´òÓÎÏ·µÄ»­ÃæºÃÓĞ°®°¡£¬»¹ÓĞÌúÈı½ÇÖØ¾Û£¬ÅÖ×Ó¡¢ÃÆÓÍÆ¿ºÍĞ¡Ğ°Èı¸öÈËÎ£ÄÑÖ®ÖĞ»¥Ïà·ö³Ö£¬ºÚÏ¹×ÓÎäÁ¦Öµ³¬Ç¿£¡Õâ²¿¾çÆÚ´ıÒÑ¾Ã£¬ÖÕÓÚ¿ÉÒÔºÃºÃ¹Û¾çÁË¡£,ÓĞÓÃ,882,ÕäÖéÄÌ²è×ß±ù,2020-07-15 20:22:02,¿´¹ı,
1761674118-29,https://movie.douban.com/subject/27180943/comments?status=P,https://movie.douban.com/subject/27180943/comments?start=20&limit=20&sort=new_score&status=P&percent_type=,ÖØÆôÖÕÓÚ²¥ÁË£¬Ò»Â¥×ßÀ´¿´×ÅÈıÊå´ÓÌù°ÉµÄ·¢Ìûµ½ÖØÆôµÄÁ¬ÔØ£¬¿ÉÒÔËµÎÒºÍÎâĞ°Ò»Æğ³É³¤¡£ÎÒÌØ±ğÏ²»¶ÖØÆô£¬ÒòÎªÎâĞ°µÄ×ÔÎÒÆÊÎöºÍ×ÔÎÒË¼¿¼ºÍÎÒ×Ô¼ºÈËµ½ÖĞÄêµÄ·´Ë¼Ê®·ÖÆõºÏ¡£Ğ¡Ğ°ÔøËµ¡°ÎÒÏëÁËÎÒÖ®Ç°ËùÓĞµÄ¾­Àú£¬ÔÚ¾­ÀúÁËÄÇÃ´¶àÖ®ºó£¬ÎÒÈÏÎªÎÒ×Ô¼ºÒÑ¾­²»ÔÙº¦ÅÂ£¬ÎÒ¿ÉÒÔÌ¸Ğ¦·çÉú£¬¿ÉÒÔÔÚÎ£ÏÕµÄÊ±ºò×¼È·µÄÈ¥×öÓ¦¸Ã×öµÄÊÂÇé¡£ÎÒÒÔÎªÎÒÄÜ´¦ÀíÒ»ÇĞÎÊÌâ£¬Ö±µ½Õâ¸öË²¼ä£¬¿Ö¾åºÁÎŞÇø±ğ¡±ÎÒ¼òÖ±Ì«ÓĞ¸Ğ´¥ÁË£¬ÓĞÁËÒ»¶¨Äê¼ÍÎÒÒÔÎªÎÒ¿ÉÒÔÕÆ¿ØÒ»Ğ©ÊÂÇé£¬µ«ÊÇÓĞÊ±ÏÖÊµ×Ü»á½ÌÄã×öÈË¡£¿ÉÒÔ¿´³öÕâ¸ö°æ±¾µÄµÁÄ¹±Ê¼ÇÈıÊåºÍÖ÷´´ÓÃÁËĞÄÁË£¬ÖÆ×÷¾«Á¼£¬ÓÈÆäÎâĞ°ÉîµÃÔ­Öø¾«Éñ£¬ÖìÒ»ÁúÑİ³öÁËÎâĞ°µÄÆøÖÊ¡¢Ë¼¿¼¡¢Óë×ÔÎÒÕõÔú¡£ÍÆ¼ö£¡,ÓĞÓÃ,869,¿´Í¸Ò»ÇĞµÄÂíÆÅ,2020-07-15 20:43:06,¿´¹ı,
1761674118-30,https://movie.douban.com/subject/27180943/comments?status=P,https://movie.douban.com/subject/27180943/comments?start=20&limit=20&sort=new_score&status=P&percent_type=,×·»ğ±¬Ğ¡Ëµ¸Ä±àµÄ¾çÒ»Ö±ÌØ±ğ½÷É÷£¬Õâ´ÎµÁÄ¹±Ê¼ÇÖØÆô×·µÃÎÒÓĞµãÉÏÍ·£¬Ö÷ÑİÈ«Ô±¿Æ°à³öÉí£¬ÕâÒ»µã¿´³ö¾ç×é·Ç³£ÓÃĞÄÁË£¬ÈıÊåÕâ´ÎÒ²ºÜ¿¿Æ×£¬¾çÇé½ô´Õ£¬½Ú×à·Ç³£ºÃ£¬¾çÀï³¡¾°×öµÃÌØ±ğÕæ¡£,ÓĞÓÃ,828,³Ô²»ÅÖµÄéÙÃ¨,2020-07-15 20:38:07,¿´¹ı,
1761674118-31,https://movie.douban.com/subject/27180943/comments?status=P,https://movie.douban.com/subject/27180943/comments?start=20&limit=20&sort=new_score&status=P&percent_type=,Ï²»¶ÎâĞ°£¬±íÑİ·á¸»Ï¸Äå£¬´úÈë¸ĞºÜÇ¿£»¾çµÄÉ«µ÷ºÍÖÊ¸ĞºÜÊæ·ş£¬Ã»ÓĞ¸¡¿äÕæµÄÌ«¸Ğ¶¯ÁË£¡¾µÍ··ç¸ñÎÈ½¡ÀïÍ¸×ÅĞ©»îÆÃ£¬ºÜÊÊºÏÖØÆôÌ½Ë÷£¬¾ÈÊêÓëÑ°ÕÒ×ÔÎÒµÄÖ÷Ìâ£¬ÒÔ¼°£¬ÎÒÃÇĞ¡ÈıÒ¯ÂúÊÇµ¯Ä»µÄÄÚĞÄ¡«Ï£ÍûÔÚ×¢¶¨Å°µÄÂ·ÉÏÒ²¶à¶à°ÑÎâĞ°µÄ·çÈ¤»¹Ô­³öÀ´°¡,ÓĞÓÃ,812,ÍùºóÓàóÏ,2020-07-15 20:39:03,¿´¹ı,
1761674118-32,https://movie.douban.com/subject/27180943/comments?status=P,https://movie.douban.com/subject/27180943/comments?start=20&limit=20&sort=new_score&status=P&percent_type=,ÎÒÃ»¶Á¹ıĞ¡Ëµ£¬ÒòÎªÑİÔ±ÖìÒ»ÁúÊÎÑİÎâĞ°¾ÍÀ´¿´ÁË¡£¿´ÁË¾õµÃÊ®·Ö¾«²Ê¡£ÎâĞ°Ò»³ö³¡ÉíÉÏ¾Í´ø×Å¹ÊÊÂ£¬ÍêÈ«²»¾õµÃÓĞÊ²Ã´Î¥ºÍ¸Ğ¡£ÆäËûÑİÔ±Ñ¡µÃÒ²ºÜ°ô£¬Ñİ¼¼ÅÉÊµÁ¦ÑİÔ±+Ì½ÏÕÍÆÀí¹ÊÊÂ£¬¸Ğ¾õÒ»¶¨ºÜ¹ıñ«¡£,ÓĞÓÃ,846,zzchen,2020-07-15 20:35:09,¿´¹ı,
1761674118-33,https://movie.douban.com/subject/27180943/comments?status=P,https://movie.douban.com/subject/27180943/comments?start=20&limit=20&sort=new_score&status=P&percent_type=,¡£¡£¡£,ÓĞÓÃ,244,¶¹ÓÑ183325065,2020-07-18 08:07:06,¿´¹ı,
1761674118-34,https://movie.douban.com/subject/27180943/comments?status=P,https://movie.douban.com/subject/27180943/comments?start=20&limit=20&sort=new_score&status=P&percent_type=,ÆÚÍûÔ½´óÊ§ÍûÔ½´ó,ÓĞÓÃ,317,Bowen,2020-07-16 19:34:37,¿´¹ı,
1761674118-35,https://movie.douban.com/subject/27180943/comments?status=P,https://movie.douban.com/subject/27180943/comments?start=20&limit=20&sort=new_score&status=P&percent_type=,Ğ¡ÏÊÈâ²»ÊÊºÏÑİµÁÄ¹µÄ£¬Ì«ÈõÁË,ÓĞÓÃ,317,¾ıÁÙÌìÏÂ1219,2020-07-16 08:29:29,¿´¹ı,
1761674118-36,https://movie.douban.com/subject/27180943/comments?status=P,https://movie.douban.com/subject/27180943/comments?start=20&limit=20&sort=new_score&status=P&percent_type=,"ºÇºÇ£¨ÕâÊÇÎÒÒ»¿ªÊ¼Ğ´µÄ£¬¿´ÁËÇ°Èı¼¯¸Ğ¾õË®£©
ÏÂÃæÊÇÎÒĞÂÌíµÄ£º²»¹ÜÎÒÊÇË­µÄ·ÛË¿£¬Õâ²¿Æ¬×ÓÎÒÊÇÕæµÄ¿´¹ıÁË£¬µÁÄ¹µÄ×÷Æ·ÌØĞ§ºÜÖØÒª£¬Ò²ºÜÄÑÅÄ£¬Ë«ÄĞÖ÷µÄÏ·Ò²ºÜÄÑ¸Ä±à£¬ÔÚÕâ²¿Æ¬×ÓÀïÈ·ÊµÓĞËù¸Ä½ø£¬µ«Õâ²¿¾çÀïÈı¸öÅ®Ö÷µÄÇé¸ĞÏ·ÎÒÃ»ÓĞ¿´¶®£¬ºÚÏ¹×ÓµÄoocÓ¦¸ÃÒ²²»ÓÃËµÁË°É£¬»¹ÓĞÆäËû¼¸¸ö½ÇÉ«µÄ¾ç±¾¡¢ÈËÉèÕâÊÇÒ»¸ö¶ÌÆÀ¾Í²»ËµÁË¡£
¾çÇéÇ°¼¸¼¯ºÍºÚÏ¹×ÓÄÇÀï¶¼ºÜË®£¬ÆäÊµÃ»±ØÒªÓ²Òª¸ãµ½ºÜ¶à¼¯£¬¶ÌÒ»µãÆäÊµ»á¸üºÃÒ»Ğ©¡£¸öÈËÒâ¼û¡£¸öÈË¿´·¨¡£¸öÈË¹Ûµã¡£",ÓĞÓÃ,235,²»ÊÇ°×Á«»¨,2020-07-22 00:16:14,¿´¹ı,
1761674118-37,https://movie.douban.com/subject/27180943/comments?status=P,https://movie.douban.com/subject/27180943/comments?start=20&limit=20&sort=new_score&status=P&percent_type=,ÎÒ¾õµÃ...ÖìÒ»ÁúÌ«´ôÃÈÌ«ÄÌ£¬Ã»Ñİ³öÎâĞ°ÄÇ¸ö·¶¡£µÁÄ¹Ìâ²ÄÓÖÃ»É¶ĞÂÒâ...ÉóÃÀÆ£ÀÍÁË¡£,ÓĞÓÃ,291,haihaihihi,2020-07-16 08:20:16,¿´¹ı,
1761674118-38,https://movie.douban.com/subject/27180943/comments?status=P,https://movie.douban.com/subject/27180943/comments?start=20&limit=20&sort=new_score&status=P&percent_type=,Õâ´ÎµÄÑİÔ±Ì«µÃÎÒĞÄÁË!!!!ºú¾üµÄ¶şÊå£¬³ÂÃ÷ê»µÄÅÖ×Ó£¬ÖìÒ»ÁúµÄÎâĞ°£¬»¹ÓĞĞ¡¸çÎÒÒ²¿É!!!Ô­Öøµ³Ò»±¾Âú×ã!!,ÓĞÓÃ,867,ÊÇ¼Ó·Æ²»ÊÇÃ¨,2020-07-15 20:50:44,¿´¹ı,
1761674118-39,https://movie.douban.com/subject/27180943/comments?status=P,https://movie.douban.com/subject/27180943/comments?start=20&limit=20&sort=new_score&status=P&percent_type=,ÖìÒ»Áú¡¢ºú¾ü¡¢³ÂÃ÷ê»¡¢Ã«ÏşÍ®¡¢³Â³şºÓ¡¢Ğ»¾ıºÀÿÿÕâ¸ö¿¨Ë¾·ÅÔÚÕâ¾ÍÈÃÈËºÜÓĞÓûÍû×·ÁËÕâ¾ç¡£,ÓĞÓÃ,840,Ñ©ÂäÎŞºÛ,2020-07-15 20:33:59,¿´¹ı,
1761674118-40,https://movie.douban.com/subject/27180943/comments?status=P,https://movie.douban.com/subject/27180943/comments?start=20&limit=20&sort=new_score&status=P&percent_type=,¡£¡£¡£¡£¡£ÎŞÓï×Ó,ÓĞÓÃ,232,ĞŞÏÉ³ÉĞÔ,2020-07-18 09:20:21,¿´¹ı,
1761674121-41,https://movie.douban.com/subject/27180943/comments?status=P,https://movie.douban.com/subject/27180943/comments?start=40&limit=20&sort=new_score&status=P&percent_type=,Ô­À´ÊÇ¸¯¾ç£¬´òÈÅÁË£¡,ÓĞÓÃ,238,²»°®Ä¸Å£,2020-07-18 08:02:11,¿´¹ı,
1761674121-42,https://movie.douban.com/subject/27180943/comments?status=P,https://movie.douban.com/subject/27180943/comments?start=40&limit=20&sort=new_score&status=P&percent_type=,Ã¿Ò»¶ÎÈËÉúµÄÂÃ³Ì£¬±ØÈ»ÓĞÆäÒâÒå¡£¾çÃûÖØÆô£¬¶ÔÓÚÎâĞ°À´Ëµ£¬¾­Àú¹ıÁËÄÇÃ´¶àÄê·çÓê£¬¹éÁã£¬ÖØÆôÊÇ²»ÈİÒ×µÄ¡£ËùÒÔ£¬ÕâÒ»¶ÎÃ°ÏÕ£¬Ò²ĞíÊÇËûÕÒ»ØÕæÕıµÄ×Ô¼ºµÄÂÃ³Ì°É¡£,ÓĞÓÃ,802,ÌÇĞ¡°ü,2020-07-15 20:48:44,¿´¹ı,
1761674121-43,https://movie.douban.com/subject/27180943/comments?status=P,https://movie.douban.com/subject/27180943/comments?start=40&limit=20&sort=new_score&status=P&percent_type=,²»Ï²»¶__,ÓĞÓÃ,195,ÎÒÏ²»¶¼¦,2020-07-20 12:14:11,¿´¹ı,
1761674121-44,https://movie.douban.com/subject/27180943/comments?status=P,https://movie.douban.com/subject/27180943/comments?start=40&limit=20&sort=new_score&status=P&percent_type=,ÅÖ×ÓÊÇ²»ÊÇÉ³º£µÄÅÖ×Ó£¿ËûºÃÓĞ¸Ğ¾õÅ¶£¬ÕâÌØĞ§¼òÖ±µçÓ°ÖÊ¸Ğ£¬»¹ÓĞ¾¹È»ÊÇÖìÒ»ÁúÊÎÑİÎâĞ°!ÑÛÉñÏ·¾øÁË£¡×·ÏÂÈ¥£¡,ÓĞÓÃ,839,Azure,2020-07-15 20:48:52,¿´¹ı,
1761674121-45,https://movie.douban.com/subject/27180943/comments?status=P,https://movie.douban.com/subject/27180943/comments?start=40&limit=20&sort=new_score&status=P&percent_type=,ÕâÖÖÌâ²ÄÕæµÄÌ«ºÏÎÒĞÄÒâÁË£¬¾çÇé½ô´Õ£¬½Ú×à¸Ğ¸Ü¸ÜµÄ£¬¿´µÃºÃË¬¡£ÖÃ¾°ºÍÌØĞ§Ò²Ì«Ç¿´óÁË°É£¬ÍêÈ«±»Õğº³µ½£¬¼ÒÀï´óÆÁÒ»¿ª£¬»­ÖÊºÃµ½·Â·ğÔÚ¿´µçÓ°£¬·Â·ğÔÚ¿´µçÓ°£¡£¡£¡£¡£¡Ì«Ë¬ÁË£¬ÎÒ°Ñ¼ÒÀïµÆ¶¼¹ØÁË¡£Õâ´ÎÑ¡½ÇÌ«ÓÃĞÄÁË£¬ÖìÒ»Áú£¬ºú¾ü£¬Ğ»¾ıºÀ£¬³ÂÃ÷ê»ÎÒ¶¼·Ç³£Ï²»¶£¬ÂòºÃ¹Ï×Ó£¬×øµÈÊµÁ¦ÅÉì­Ï·£¡,ÓĞÓÃ,757,ÂÃĞĞÊ«ÈË,2020-07-15 22:09:07,¿´¹ı,
1761674121-46,https://movie.douban.com/subject/27180943/comments?status=P,https://movie.douban.com/subject/27180943/comments?start=40&limit=20&sort=new_score&status=P&percent_type=,¿°±ÈµçÓ°´óÆ¬µÄÖÊ¸Ğ¡£ÌØĞ§Ã¿Ò»Ö¡¶¼¾õµÃ°×»¨»¨µÄÒø×ÓÔÚÈ¼ÉÕ¡£ÎªÈıÊå¸Ğµ½¸ßĞË[Á÷Àá]ÕâÃ´¶àÄêÁËÖÕÓÚ°¾ÖÆÁËÒ»²¿¾«Æ·¡£[Á÷Àá][Á÷Àá][Á÷Àá]Ò»¶¨Òª¿´1080p°¡£¡²»¹»ÇåÎú¾Í¸ĞÊÜ²»µ½´óÆ¬µÄÕğº³ÁË£¡,ÓĞÓÃ,707,Ò¹Ò¹Ò¹Ò¹,2020-07-15 20:58:51,¿´¹ı,
1761674121-47,https://movie.douban.com/subject/27180943/comments?status=P,https://movie.douban.com/subject/27180943/comments?start=40&limit=20&sort=new_score&status=P&percent_type=,ÈıÊåµÄ¡¶µÁÄ¹±Ê¼Ç¡·Ò»Ö±ÊÇÎÒÏ²»¶µÄÊé£¬Ó°ÊÓ×÷Æ·¸Ä±àµÄÒ²ÓĞ²»ÉÙ£¬¶øÕâ´ÎµÄ¡¶ÖØÆô¡·¸Ä±àÊÇÓÉÈıÊåÇ××Ô²Ùµ¶£¬Ç°Á½Ìì¿´ÁËÔ¤¸æÆ¬£¬½ñÌì¿´ÁËÒ»²¿·ÖÕıÆ¬£¬¸Ğ¾õÕâ´ÎÈıÊå·Ç³£¿¿Æ×°¡¡£,ÓĞÓÃ,655,hello,2020-07-15 20:35:43,¿´¹ı,
1761674121-48,https://movie.douban.com/subject/27180943/comments?status=P,https://movie.douban.com/subject/27180943/comments?start=40&limit=20&sort=new_score&status=P&percent_type=,ÖØÆôµÄÑİÔ±ÕóÈİ³¬Ç¿°¡£¬ÎâĞ°¡¢ÅÖ×Ó¡¢ÃÆÓÍÆ¿£¬ºÚÏ¹×Ó£¬Á¬¸ñÍâ¾ÃÑöµÄ¶şÊå¶¼ÒªÂ¡ÖØµÇ³¡ÁË£¬Ã¿Ò»Î»¶¼ÊÇÊµÁ¦ÅÉÑİÔ±£¬¶øÇÒÏÖ³¡ÊÕÉù°¥£¬Ô­Éù£¡Õâ´ÎÈıÊåÈÏÕæÁË£¬ÕæµÄÒªÈëÏ·ÁË¡£³¬°ô£¡,ÓĞÓÃ,625,ÁÁÔÂ,2020-07-15 20:33:03,¿´¹ı,
1761674121-49,https://movie.douban.com/subject/27180943/comments?status=P,https://movie.douban.com/subject/27180943/comments?start=40&limit=20&sort=new_score&status=P&percent_type=,µÚÒ»¸öÄ¹¾ÍÊÇ²ğ²ğ²ğ£¬ÕâÊÇµÁÄ¹£¿»¹²»ÈçÈ«²ğÁËËãÁË¡£,ÓĞÓÃ,219,skyìáÌì,2020-07-18 23:44:44,¿´¹ı,
1761674121-50,https://movie.douban.com/subject/27180943/comments?status=P,https://movie.douban.com/subject/27180943/comments?start=40&limit=20&sort=new_score&status=P&percent_type=,ÎªÊ²Ã´µÁÄ¹±Ê¼ÇÅÄ³öÀ´µÄÓ°ÊÓ°æ£¬ÓÀÔ¶²»·ûÎÒÒâ°¡£¬ÒªËµ²»ºÃÅÄ£¬µ«ÊÇ¹í´µµÆÄÇ¼¸²¿¾ÍºÜ¶ÔÎÒÎ¸¿Ú¡£,ÓĞÓÃ,250,Õâ¸öÉ±ÊÖÓĞµãÀä,2020-07-16 18:50:23,¿´¹ı,
1761674121-51,https://movie.douban.com/subject/27180943/comments?status=P,https://movie.douban.com/subject/27180943/comments?start=40&limit=20&sort=new_score&status=P&percent_type=,¾çÇéÁ÷³©£¬Ò»»·Ì××ÅÒ»»·£¬ºÜÓĞĞüÒÉ¸Ğ£¬¹ÊÊÂÄÚÈİºÜ·á¸»£¬Ï¸½Ú´¦ÀíµÄÒ²²»´í£¬ÆÚ´ı¸üĞÂ¡«,ÓĞÓÃ,611,·äÄñ·èÁÉ,2020-07-15 20:37:25,¿´¹ı,
1761674121-52,https://movie.douban.com/subject/27180943/comments?status=P,https://movie.douban.com/subject/27180943/comments?start=40&limit=20&sort=new_score&status=P&percent_type=,ÖìÒ»ÁúµÄĞ¡ÈıÒ¯ÊÇ¶àÃæµÄ£¬ÔÚ¾´ÖØµÄ¶şÊåÃæÇ°¹ÔÇÉ£¬ÔÚÎ£ÄÑÃæÇ°Àä¾²³Á×Å£¬ÔÚºÃÓÑÃæÇ°×ÔÔÚËæÒâÿÿĞ¡ÈıÒ¯µÄÑÛ¾¦ÀïÓĞ¹â£¬ÄÇÊÇ´ÓÎ´Ï¨ÃğµÄÌ½Ñ°ÕæÏàµÄÖ´Öø¡£,ÓĞÓÃ,616,ÀÁÀÁ¾ÍÊÇÎÒ,2020-07-15 20:37:19,¿´¹ı,
1761674121-53,https://movie.douban.com/subject/27180943/comments?status=P,https://movie.douban.com/subject/27180943/comments?start=40&limit=20&sort=new_score&status=P&percent_type=,"¶ÔÕâ²¿¾çÆÚ´ıÖµÂù¸ßµÄ£¬±Ï¾¹ÊÇÈıÊåÄÃ»ØÓ°ÊÓ°æÈ¨ÒÔºóµÄµÚÒ»²¿¾ç£¬µ¼ÑİÒ²²»´í£¬Ô­À´µ¼µçÓ°µÄ£¬ÑÛ¹âÆ·Î¶¶¼²î²»¶àÄÄÀïÈ¥¡£
¡¡¡¡ËµËµ¾ç°É£¬×÷ÎªµÁÄ¹µÄÀÏ·Û£¬ÎÒÒ²²»Àí½âÈıÊåÔõÃ´¾ÍÏÂÁËÕâÃ´ºİµÄÊÖ£¬°ÑÎÒµÄ¡°³öË®Ü½ÈØÈõ¹ÙÈË¡±Å°³ÉÕâÑù£¬²»¹ıËµÊµÔÚµÄ£¬ÑİÔ±ÑİµÄÕæ²»´í£¬¿´³öÀ´ÊÇÓÃÁËĞÄµÄ£¬ºÃ¼¸¸öµØ·½¶¼ÌØ±ğ´ò¶¯ÎÒ£¬ÈÃÎÒ¿´µ½ÎâĞ°µÄÌìÕæÉÆÁ¼»¹ÊÇÔÚµÄ£¬ÌúÈı½ÇÒ²ÊÇÔÚµÄ£¬ĞÒºÃÒ»ÇĞ¶¼»¹À´µÃ¼°¡£",ÓĞÓÃ,614,ÜğÓëéº,2020-07-15 20:49:32,¿´¹ı,
1761674121-54,https://movie.douban.com/subject/27180943/comments?status=P,https://movie.douban.com/subject/27180943/comments?start=40&limit=20&sort=new_score&status=P&percent_type=,ÕâÃ´ÄÑ¿´µÄ¾ç£¬ÆÀ·Ö¾¹È»ÕâÃ´¸ß£¬·şÁË,ÓĞÓÃ,224,ig.Íõ°²Óî,2020-07-20 12:47:56,¿´¹ı,
1761674121-55,https://movie.douban.com/subject/27180943/comments?status=P,https://movie.douban.com/subject/27180943/comments?start=40&limit=20&sort=new_score&status=P&percent_type=,´Ó18Äê¹ÙĞû¾ÍÔÚÆÚ´ı£¬ÖÕÓÚ¿ª²¥ÁË£¬ÖìÒ»ÁúÒ»³öÏÖ¾Í´ø×ÅĞ¡ÈıÒ¯ÄÇÖÖ¹ÊÊÂ¸Ğ¡£·ş»¯µÀºÍÌØĞ§Ò²¶¼ºÜÓÃĞÄ£¬ºÜÖµµÃ¿´¡££¡,ÓĞÓÃ,537,ºÜÊİµÄ´óÂÜ²·,2020-07-15 21:01:54,¿´¹ı,
1761674121-56,https://movie.douban.com/subject/27180943/comments?status=P,https://movie.douban.com/subject/27180943/comments?start=40&limit=20&sort=new_score&status=P&percent_type=,ÅÎĞÇĞÇÅÎÔÂÁÁ£¬µÈ´ıÁËÒ»Äê¶àµÄ¾çÖÕÓÚ¿ª²¥ÁË£¡£¡ÕóÈİºÍÌâ²ÄÊÇÎÒÏ²»¶µÄĞüÒÉµÁÄ¹£¬°¾Ò¹Ë¢ÁË¿ª²¥µÄÕâ¼¸¼¯£¬Ì«¸øÁ¦ÁË¡£ÈıÊåºÍÕâĞ©¸öÑİÔ±¶¼³¬¼¶¸øÁ¦°¡£¬ÖÆ×÷Ë®×¼Ò²ºÃ£¬¸üĞÂ¿ìµãÀ´°É¡£,ÓĞÓÃ,536,·çÖĞµÄÂäÒ¶,2020-07-15 20:39:52,¿´¹ı,
1761674121-57,https://movie.douban.com/subject/27180943/comments?status=P,https://movie.douban.com/subject/27180943/comments?start=40&limit=20&sort=new_score&status=P&percent_type=,ÄĞÖ÷Ì«³óÁË,ÓĞÓÃ,206,Ê®Èı½ãÔÚsingapo,2020-07-17 22:33:15,¿´¹ı,
1761674121-58,https://movie.douban.com/subject/27180943/comments?status=P,https://movie.douban.com/subject/27180943/comments?start=40&limit=20&sort=new_score&status=P&percent_type=,ÖØÆôÎâĞ°£¬¹Ç×ÓÀïÊ±Ê±¿Ì¿ÌÂú½ş×ÅÒ»ÖÖÅ¨Å¨µÄ±¯ÓÂÖ®Æø£¬ÄÇÊÇ°ÑÏÖÊµÊÀ½çÀïµÄ·×ÈÅÎŞÄÎÒõ°µ¶ñÄîÍ³Í³±³¸ºµ½±³ÉÏ£¬È´ÒÀÈ»Í¦Ö±ÁË¼¹Áº¡°ÔÚÑ©É½ËĞ¾­£¬ÔÚ¸ê±Ú¶Ô¾Æ£¬ÔÚº£ÉÏ¿´ÔÂ¡±µÄÀËÂşÓÂ¸Ò¡£ÖìÒ»ÁúµÄÎâĞ°£¬ÑİÒï¼«ÖÂµÄ±¯×³ÓëÀËÂş£¡,ÓĞÓÃ,539,º£ÖĞÏÀ,2020-07-15 21:05:04,¿´¹ı,
1761674121-59,https://movie.douban.com/subject/27180943/comments?status=P,https://movie.douban.com/subject/27180943/comments?start=40&limit=20&sort=new_score&status=P&percent_type=,ÎÒ¿´¹ıÔ­Öø£¬Ï²»¶¿´£¬¶Ô¾çÒ²±¨ÁËĞ©ÆÚ´ı¡£Ò»³ö³¡¾ÍÓĞµãÅÂÅÂµÄ¡£µ«ÊÇÑİÔ±³¤µÄ²»´íÑ½£¬ÊÇÔ­Éù°É£¬ÉùÒôÒ²ºÃÌı¡£,ÓĞÓÃ,528,T,2020-07-15 20:45:32,¿´¹ı,
1761674121-60,https://movie.douban.com/subject/27180943/comments?status=P,https://movie.douban.com/subject/27180943/comments?start=40&limit=20&sort=new_score&status=P&percent_type=,"¾çÇéÌ«²»ºÏÀíÁË°É  
ÂúÆÁŞÏŞÎÿÿÿ
´òÎåĞÇµÄ¶¼ÊÇ·ÛË¿°É",ÓĞÓÃ,246,Ä¬Ä¬ÓãÀá,2020-07-17 21:51:55,¿´¹ı,
1761674124-61,https://movie.douban.com/subject/27180943/comments?status=P,https://movie.douban.com/subject/27180943/comments?start=60&limit=20&sort=new_score&status=P&percent_type=,×îÊ§°ÜµÄÒ»°æÎâĞ° ±ÈÖ®Ç°¼¸²¿¸ü²»ÊÊºÏ,ÓĞÓÃ,267,ÌáÇÙ²»Ëµ»°,2020-07-16 18:26:54,¿´¹ı,
1761674124-62,https://movie.douban.com/subject/27180943/comments?status=P,https://movie.douban.com/subject/27180943/comments?start=60&limit=20&sort=new_score&status=P&percent_type=,×î½üºÃĞüÒÉÕâ¿Ú£¬³å×ÅÌâ²ÄÈ¥¿´ÁËÒ»ÏÂ£¬¸Ğ¾õ¾ÍÕı³£Æ«Ò»°ãµÄË®Æ½°É£¬·ÛË¿¿ØÆÀÌ«À÷º¦ÁË£¬½¨Òé²»Òª´µµÃÌ«¹ı£¬¸üÏë¿´¹ÛÖÚÕæÊµµÄÆÀ¼Û¹Û¸Ğ£¬»¹ÓĞ£¬Õâ²¿¾ç66¼¯ÄÇÃ´³¤£¿£¿ÎÒÔİÊ±ÏÈÆú¾ç£¬³ı·ÇÕæµÄºÜºÃºÜºÃ¿´£¬²»È»ÎÒÕæµÄ²»Ïë¿´66¼¯ÄÇÃ´³¤£¬¾çÇé²»»áË®Âğ£¿,ÓĞÓÃ,251,Cc,2020-07-17 00:59:53,¿´¹ı,
1761674124-63,https://movie.douban.com/subject/27180943/comments?status=P,https://movie.douban.com/subject/27180943/comments?start=60&limit=20&sort=new_score&status=P&percent_type=,ÌúÈı½ÇÊ®ÄêÔÙ¾ÛÖØÆô£¬´óÆ¬ÖÊ¸Ğ£¬²¼¾°¶¼³¬¼¶ÓÃĞÄµÄ£¬ÎâĞ°ÖØĞÂÌ¤ÉÏÖØÆôÕ÷³Ì£¬·´Ïò¾ÈÊê£¬ÕÒ»Ø³õĞÄ¡£ÖìÒ»ÁúµÄÑİ¼¼£¬ÈÃÃ¿¸öÑÛÉñ¶¼»îÁËÆğÀ´£¡ÎâĞ°µÄÉÆÁ¼ÌìÕæĞ¡µÃÒâ£¬¶¼ÁÜÀì¾¡ÖÂµÄÕ¹ÏÖÁË~~ºÃ½ÓµØÆøµÄÑİÒï£¡ºÃÇ¿µÄÑİ¼¼£¡ÈÃÎÒ¾õµÃÎâĞ°ÕæÊµ´æÔÚ¡«ÖìÒ»ÁúÔ­ÉùÌ¨´Ê¹¦Á¦ÔúÊµ°¡£¡,ÓĞÓÃ,522,º®±ùÖ®Áè,2020-07-15 20:36:31,¿´¹ı,
1761674124-64,https://movie.douban.com/subject/27180943/comments?status=P,https://movie.douban.com/subject/27180943/comments?start=60&limit=20&sort=new_score&status=P&percent_type=,µÈÁËÕâÃ´¾Ã£¬ÅÎÁËÕâÃ´¾Ã£¬Æô×ÓÎÒÖÕÓÚÅÎµ½ÁËÄã£¬Ì«ºÃ¿´ÁË£¬ÑÛ¿ôÊªÈó,ÓĞÓÃ,479,·ç»ª,2020-07-15 20:37:36,¿´¹ı,
1761674124-65,https://movie.douban.com/subject/27180943/comments?status=P,https://movie.douban.com/subject/27180943/comments?start=60&limit=20&sort=new_score&status=P&percent_type=,"µÁ±ÊÏµÁĞµÄ¸Ä±à»ù±¾ÉÏ¶¼¿´¹ı£¬²»ºÃËµÓĞ¶àÃ´ÆÚ´ı£¬µ«Õâ´ÎµÄÕóÈİºÍÖÆ×÷È·ÊµÈÃÈËÑÛÇ°Ò»ÁÁ¡£ÎåĞÇ¹ÛÍû¡£
ÄêÇáÊ±¶ÔÎâĞ°×ÜÊÇ±§ÓĞÒ»Ğ©Æ«¼û£¬¸üÏ²°®Ğ¡¸çÕâÖÖ½Ó½üÍêÃÀµÄÈËÎï¡£¶øÕâÃ´¶àÄê¹ıÈ¥£¬¾­Àú¹ıÏàËÆµÄ³É³¤¾³Óöºó£¬ÎÒ¶ÔÎâĞ°¾¹Éú³öĞÊĞÊÏàÏ§Ö®¸Ğ¡£ÖØÆô¹éÀ´£¬Ï£Íû¿´µ½²»Ò»ÑùµÄÎâĞ°£¬Ò²Ï£ÍûÕÒÑ°²»Ò»ÑùµÄ¡°×Ô¼º¡±¡£",ÓĞÓÃ,517,Ê°¼õÒ¼,2020-07-15 20:42:27,¿´¹ı,
1761674124-66,https://movie.douban.com/subject/27180943/comments?status=P,https://movie.douban.com/subject/27180943/comments?start=60&limit=20&sort=new_score&status=P&percent_type=,ÎÒÌ«¼¤¶¯ÁË£¡£¡´Ó¹ÙĞûµÄÊ±ºò¾Í¿ªÊ¼µÈ£¬µÈÀ´µÈÈ¥Á½ÄêÁËÖÕÓÚ²¥ÁËÎÒµÄÖØÆô£¡ÖµµÃ£¡¿´ÖØÆôÊéµÄÊ±ºò¾Í°®¿´ÌúÈı½Ç»¥¶¯£¬ÅÖĞ°²å¿Æ´òÚ»Ğ¡¸çÄ¬Ä¬Î§¹Û£¬¾çÀï¸øÎÒÑİ³öÀ´ÁË°¡£¡Ì«Ç¿ÁË£¬ÓÈÆäÊÇÖìÒ»ÁúºÍ³ÂÃ÷ê»Á½Î»ÀÏÊ¦£¬ÓĞÄÚÎ¶¶ùÁË£¡¡°ÌúÈı½ÇºÏÌå£¡ËùÏòÅûÃÒ£¡¡±³å£¡,ÓĞÓÃ,477,¶Ïæ±×ÏæÌºì,2020-07-15 20:36:05,¿´¹ı,
1761674124-67,https://movie.douban.com/subject/27180943/comments?status=P,https://movie.douban.com/subject/27180943/comments?start=60&limit=20&sort=new_score&status=P&percent_type=,»¹²»´íºÜÓÅĞãºÜ¾«²Ê,ÓĞÓÃ,477,momo,2020-07-15 20:04:19,¿´¹ı,
1761674124-68,https://movie.douban.com/subject/27180943/comments?status=P,https://movie.douban.com/subject/27180943/comments?start=60&limit=20&sort=new_score&status=P&percent_type=,ÇóÇóÁË ±ğÅÄÁË ÊµÔÚ¿´²»ÏÂÈ¥,ÓĞÓÃ,201,ÓîÖæÎŞµĞĞ¡ÏÉÅ®,2020-07-17 21:50:48,¿´¹ı,
1761674124-69,https://movie.douban.com/subject/27180943/comments?status=P,https://movie.douban.com/subject/27180943/comments?start=60&limit=20&sort=new_score&status=P&percent_type=,´µ±¬ÉñÏÉÑ¡½Ç£¬Àú¾­²×É£ÒÀ¾ÉÌìÕæµÄÎâĞ°ºÍºÀË¬ÓÄÄ¬µÄÅÖ×Ó£¬»¹ÓĞÔ¤¸æÀï¸ßÀäÎŞµĞµÄĞ¡¸ç£¬¶şÒ¯ºÍºÚÏ¹×ÓÒ²ºÃÓĞ÷ÈÁ¦°¡°¡°¡°¡°¡°¡°¡°¡£¬ºÃÆÚ´ıºÃÆÚ´ı£¡¿´Ô¤¸æÌØĞ§³¬¿á£¬¹ûÈ»Ò»¿ªÍ·¾Í¸øÕû¸ö´ó³¡Ãæ£¡,ÓĞÓÃ,463,°Ñ¾Æ×£¶«·ç,2020-07-15 20:40:07,¿´¹ı,
1761674124-70,https://movie.douban.com/subject/27180943/comments?status=P,https://movie.douban.com/subject/27180943/comments?start=60&limit=20&sort=new_score&status=P&percent_type=,ÑİÔ±ÕóÈİÉîµÃÎÒĞÄ£¡ÎâĞ°ÑİµÃÌØ±ğºÃ°¡£¬Õâ¸ö¾çÈıÊåÓÃĞÄÁË£¬ÌØĞ§·Ç³£Õğº³ÎÒ£¡×·¶¨ÁË£¡,ÓĞÓÃ,410,ÔÂÂúÎ÷Â¥,2020-07-15 21:21:21,¿´¹ı,
1761674124-71,https://movie.douban.com/subject/27180943/comments?status=P,https://movie.douban.com/subject/27180943/comments?start=60&limit=20&sort=new_score&status=P&percent_type=,ÎªÉ¶ÓÖÊÇµÁÄ¹ÏµÁĞ£¿ÔõÃ´ÀÏÊÇÅÄ²»ÍêµÄ¸Ğ¾õ,ÓĞÓÃ,140,ÎÒµÄĞ¡Ã¨ßä,2020-07-21 23:22:57,¿´¹ı,
1761674124-72,https://movie.douban.com/subject/27180943/comments?status=P,https://movie.douban.com/subject/27180943/comments?start=60&limit=20&sort=new_score&status=P&percent_type=,½ÓÊÜ²»ÁËÕâ°æÎâĞ°µÄÁ³£¬ÕæÊÇÊÜ²»ÁËÄÇÁ³ñŞ×Ó¡£ËäÈ»ÕÅÆğÁéµÄÁ³ÄÜÀ­»ØÀ´µã¸Ğ¾õ£¬µ«ÊÇ»¹ÊÇºÃ¸ĞÈ«ÎŞ¡£,ÓĞÓÃ,192,renlaifeng,2020-07-19 03:12:04,¿´¹ı,
1761674124-73,https://movie.douban.com/subject/27180943/comments?status=P,https://movie.douban.com/subject/27180943/comments?start=60&limit=20&sort=new_score&status=P&percent_type=,Ò»°ã°É£¬Ì«³¤ÁË£¬Ã»ÓĞ×öµ½¶ÌĞ¡¾«Á¶,ÓĞÓÃ,193,Yo's,2020-07-17 03:36:51,¿´¹ı,
1761674124-74,https://movie.douban.com/subject/27180943/comments?status=P,https://movie.douban.com/subject/27180943/comments?start=60&limit=20&sort=new_score&status=P&percent_type=,Ç§ºôÍò»½Ê¼³öÀ´£¬ÔõÃ´¾«²ÊÔõÃ´°®£¡×Ô¼º°®µÄ¾çËµÊ²Ã´Ò²Òª×·ÏÂÈ¥¡£ºÃÔÚÖØÆôÖÕÓÚÕÒ¶ÔÁËµÁ±ÊµÄ¸Ğ¾õ£¬ÎÒÖÕÓÚÓÖÁµ°®ÁË£¡,ÓĞÓÃ,433,¶À½ÇÏ·,2020-07-15 20:45:10,¿´¹ı,
1761674124-75,https://movie.douban.com/subject/27180943/comments?status=P,https://movie.douban.com/subject/27180943/comments?start=60&limit=20&sort=new_score&status=P&percent_type=,ÎÒÏ²»¶µÄ¾çÖĞÈË²»ÊÇÕâÑùµÄ¡£²»ÖªµÀÄÇĞ©¿äÑİ¼¼ºÃÊÇÔõÃ´À´µÄ¡£,ÓĞÓÃ,198,zhang045182440,2020-07-18 02:49:27,¿´¹ı,
1761674124-76,https://movie.douban.com/subject/27180943/comments?status=P,https://movie.douban.com/subject/27180943/comments?start=60&limit=20&sort=new_score&status=P&percent_type=,¿´ÖìÒ»ÁúÑİ×Ü³öÏ·£¬¾çÇéÒ²ºÜÍÏí³¡£,ÓĞÓÃ,211,³Ô²»ÅÖ,2020-07-16 20:12:21,¿´¹ı,
1761674124-77,https://movie.douban.com/subject/27180943/comments?status=P,https://movie.douban.com/subject/27180943/comments?start=60&limit=20&sort=new_score&status=P&percent_type=,Ì«ŞÎÁË£¬¿´²»ÏÂÈ¥£¬°×Ï¹ÁËÒ»ÈºÀÏÏ·¹Ç,ÓĞÓÃ,188,¶À½ÅÊŞ,2020-07-23 00:18:42,¿´¹ı,
1761674124-78,https://movie.douban.com/subject/27180943/comments?status=P,https://movie.douban.com/subject/27180943/comments?start=60&limit=20&sort=new_score&status=P&percent_type=,³å×ÅÑİÔ±¿¨Ë¾½øÀ´µÄ£¬¾İËµÈ«¿Æ°àÕóÈİ£¬¿´ÏÂÀ´µÄÈ·²»´í£¬Ï£ÍûÄÜ±¬£¬½ñÄêºÃ¾çÌ«ÉÙÁË¡£,ÓĞÓÃ,409,ì¾ì¾µÄÆ»¹ûÍ·,2020-07-15 20:50:15,¿´¹ı,
1761674124-79,https://movie.douban.com/subject/27180943/comments?status=P,https://movie.douban.com/subject/27180943/comments?start=60&limit=20&sort=new_score&status=P&percent_type=,ÖØÆôÎâĞ°ÊÇ¸öºÜ¸´ÔÓµÄ½ÇÉ«£¬Ö®Ç°Ò»Ö±µ£ĞÄÓ°ÊÓ»¯£¬ÏÖÔÚÖÕÓÚ·ÅĞÄÁË£¬ÑİÔ±Ñ¡µÃºÜÌùºÏ£¬ÑÛÉñÓĞÏ·£¬±íÑİÓĞ²ã´Î¸Ğ£¬¸øÈıÊå¼Ó¼¦ÍÈ¡£Ï²»¶ÅÖĞ°£¬Óê´åÈÕ³£¸øÎÒÀ´Ò»°Ù¼¯¡«,ÓĞÓÃ,408,¾²ÔÂÖîÒË,2020-07-15 20:45:00,¿´¹ı,
1761674124-80,https://movie.douban.com/subject/27180943/comments?status=P,https://movie.douban.com/subject/27180943/comments?start=60&limit=20&sort=new_score&status=P&percent_type=,"Ò»¾ä""ÌúÈı½ÇºÏÌå""Ò»ÏÂ×Ó°ÑÈËÀ­µ½ÁËµÁÄ¹±Ê¼ÇµÄ·ÕÎ§Àï¡£Ã°ÏÕµÄÆø·ÕÀï£¬ÓÖÌåÏÖÁËÇ×Çé¡¢ÓÑÇé£¬ÖìÒ»ÁúµÄÑÛÉñºÜµ½Î»£¬Ëû×¢ÊÓÅÖ×ÓÄÇÑÛÉñÕæµÄ¸Ğ¶¯µ½ÁË¡£",ÓĞÓÃ,429,__Ğ¡´Ì¶ù,2020-07-15 20:47:41,¿´¹ı,
1761674128-81,https://movie.douban.com/subject/27180943/comments?status=P,https://movie.douban.com/subject/27180943/comments?start=80&limit=20&sort=new_score&status=P&percent_type=,¾çÇéÆğ·üµøå´£¬ÃÕÍÅ²»¼õ·´Ôö£¬Ò»»·¿ÛÒ»»·£¬À×ÉùÀïÓĞÃØÃÜÿÿºÃÏëËæÖ÷½ÇÃÇÒ»ÆğÈ¥Ì½ÏÕ£¬Ò»ÆğÌıÀ×ÆÆÃØ£¡½üÀ´À×Óê¶à£¬ÊÜ¾çµÄÓ°Ïì£¬Ìıµ½ºäÂ¡Â¡À×Éù£¬ºÜÈİÒ×¶àÏë£¡,ÓĞÓÃ,410,illusion,2020-07-15 20:43:05,¿´¹ı,
1761674128-82,https://movie.douban.com/subject/27180943/comments?status=P,https://movie.douban.com/subject/27180943/comments?start=80&limit=20&sort=new_score&status=P&percent_type=,"ÎâÌìÕæÊ®ÄêÕİ·ü£¬
Ğ°µÛÎÅÑ¶Ì¤ÏÕ¾³¡£
ÖØ·êºÏÌåÌúÈı½Ç£¬
Æô³ÌÓÂ¶·ÈËÆ¤Ù¸¡£
¼«´¦Ñ°¹×¸ºÊ¹Ãü£¬
º£ÓĞ°µ½¸ÏÆ¼±ÀË¡£
ÌıÒôÂ¡Â¡´Å´øÖĞ£¬
À×Éù¹ö¹ö¹î¾Ö²Ø¡£
È¼ÇéĞÖµÜ¸ÊÈë¾Ö£¬
±¬ÁÑÇÀ¶áÆúËÀÉú¡£
ÏÄÔÂÓĞÔ¼ÖìÒ»Áú£¬
ÈÕÒ¹µëÄî×ÜÇ£³¦¡£",ÓĞÓÃ,345,Ğ±ÑôÉúÅ¯Ğ¦,2020-07-16 09:28:52,¿´¹ı,
1761674128-83,https://movie.douban.com/subject/27180943/comments?status=P,https://movie.douban.com/subject/27180943/comments?start=80&limit=20&sort=new_score&status=P&percent_type=,ÂúÆÁÄ»µÄŞÏŞÎ,ÓĞÓÃ,173,Yolk,2020-07-19 08:27:50,¿´¹ı,
1761674128-84,https://movie.douban.com/subject/27180943/comments?status=P,https://movie.douban.com/subject/27180943/comments?start=80&limit=20&sort=new_score&status=P&percent_type=,"±»ÅóÓÑ°²ÀûÀ´¿´Áú¸çµÄ¾ç£¬²»¸øÎåĞÇÎÒ¶Ô²»ÆğÅóÓÑ¸øÎÒ³ÔµÄÄÇÃ´¶àµÄ¿ÏµÂ»ùºÍËáÄÌ£¡µ«ËµÊµ»°ÎÒ¾õµÃÖØÆôÕâÒÑ¾­ËãÊÇµÁ±ÊÏµÁĞÀïÃæÅÄµÄ×îºÃµÄÒ»²¿ÁË£¬±ÈÄÇÅ£Ãæ¾ßÒ»ÑùµÄÅ£Í·ºÃÁË¼¸±¶£¬Ò²±ÈÑİ¼¼»ù±¾ÎªÁãµÄÇ¿ºÃ¼¸°Ù±¶£¬×îÆğÂë²»»áÈÃÈË¿´ÁËÎå·ÖÖÓÂîÂîßÖßÖµÄÍË³öÈ¥¡£
ËùÒÔ:¾çÇé+1ĞÇ ³¡¾°µÀ¾ß»°»¯×±+1ĞÇ Ñİ¼¼+1ĞÇ  Áú¸ç+1ĞÇ ¶ÔÁú¸çºÃ¸Ğ+1ĞÇ",ÓĞÓÃ,408,µÜµÜ,2020-07-15 20:46:26,¿´¹ı,
1761674128-85,https://movie.douban.com/subject/27180943/comments?status=P,https://movie.douban.com/subject/27180943/comments?start=80&limit=20&sort=new_score&status=P&percent_type=,¾ÍÕâ8.6·Ö£¿ ¿´ÁËÁ½¼¯ »­Ãæ°µ ½Ú×àÂı Âß¼­»¹ÂÒ Ò»·Ö²»³É¾´Òâ£¡,ÓĞÓÃ,230,°¥ßÏ,2020-07-16 22:21:34,¿´¹ı,
1761674128-86,https://movie.douban.com/subject/27180943/comments?status=P,https://movie.douban.com/subject/27180943/comments?start=80&limit=20&sort=new_score&status=P&percent_type=,±ğÏû·ÑÇé»³ÁËÕæµÄÿÿ,ÓĞÓÃ,203,Sky-blue,2020-07-17 10:19:59,¿´¹ı,
1761674128-87,https://movie.douban.com/subject/27180943/comments?status=P,https://movie.douban.com/subject/27180943/comments?start=80&limit=20&sort=new_score&status=P&percent_type=,Å¶ÄªÅ¶Äª£¬¿´ÕâÌØĞ§³¡¾°ºÍÖÊ¸Ğ£¬¿´ÕâÑİÔ±ÕóÈİ£¬È«Ô±¿Æ°àÕæµÄ°®ÁË¡£¿´ºÃÖØÆô£¡£¡ÌúÈı½ÇÎÒÀ´À²£¡£¡£¡,ÓĞÓÃ,364,H,2020-07-15 20:42:25,¿´¹ı,
1761674128-88,https://movie.douban.com/subject/27180943/comments?status=P,https://movie.douban.com/subject/27180943/comments?start=80&limit=20&sort=new_score&status=P&percent_type=,²¥ÁË£¡£¡¿´µ½ÌúÈı½ÇÖØ¾Û£¬ÎÒÔ­µØÒ»¸ö±¬¿Ş£¡ÎØÎØÌìÕæ°¡£¡£¡£¡ÁôÏÂÀÏÄ¸Ç×µÄÀáË®¡£,ÓĞÓÃ,376,limit,2020-07-15 20:54:47,¿´¹ı,
1761674128-89,https://movie.douban.com/subject/27180943/comments?status=P,https://movie.douban.com/subject/27180943/comments?start=80&limit=20&sort=new_score&status=P&percent_type=,¡°×Ü±à¾çÄÏÅÉÈıÊå¡±Õâ¼¸¸ö×Ö£¬ÈıÊåºÍÎÒÃÇ¶¼µÈÁËºÜ¾ÃºÜ¾ÃÁË¡£¡¶ÖØÆôÖ®¼«º£ÌıÀ×¡·´Ó¸÷¸ö·½ÃæÀ´Ëµ¶¼ÊÇ¡°ÖØÆô¡±¡£ÎÒ´ÓÁ¢Ïî¾Í¿ªÊ¼ÆÚ´ı¡¶ÖØÆô¡·Ó°ÊÓ»¯£¬ÏÖÔÚ¿´À´ÊÇÕæµÄºÜ²»´í£¬Ã»°×µÈ°¡Ã»°×µÈ£¬ÌØĞ§ºÍÑİÔ±Ò»¿´¾ÍÊÇÓÃÁËĞÄµÄ£¬Ö÷ÒªÊÇÓĞÈıÊåÔÚ£¬ÎÒ¾ÍºÜÓĞµ×Æø£¡Ğ¡ÄÏ³å£¡,ÓĞÓÃ,348,ËûÈË¼´µØÓü,2020-07-15 20:48:31,¿´¹ı,
1761674128-90,https://movie.douban.com/subject/27180943/comments?status=P,https://movie.douban.com/subject/27180943/comments?start=80&limit=20&sort=new_score&status=P&percent_type=,ÌúÈı½ÇÖØ¾Û£¬ÑİÔ±ÕóÈİ¿´ÉÏÈ¥ÕæµÄÌ«ÌùÁË¡£ÌØĞ§Ò²ºÜÔŞ£¬Ï²»¶Õâ¸öÖÊ¸Ğ¡£,ÓĞÓÃ,357,ÄÌ²èÀï¼Ó°ÂÀû°Â,2020-07-15 20:39:03,¿´¹ı,
1761674128-91,https://movie.douban.com/subject/27180943/comments?status=P,https://movie.douban.com/subject/27180943/comments?start=80&limit=20&sort=new_score&status=P&percent_type=,"¿´µ½ÌúÈı½ÇÔÚÒ»Æğ£¬¼´Ê¹Ö»ÊÇ×øÔÚ³µÀïĞ¦×ÅÄÖ×Å£¬ÎÒ¶¼ºÃ¸Ğ¶¯¡£ÓĞ¶àÉÙÓÑÇéÄÜ¹»Ò»Ö±±£³ÖÕâ·İÄ¬Æõ£¬²»ÓÃ¶àËµ£¬Ò»¸öÑÛÉñ¾Í¹»ÁË£¡
¾çÖĞ¾ªã¤µÄ²¿·ÖÒ²³¬¼¶µ½Î»£¬Ò»¶¨Òª¸øÌØĞ§¼Ó¼¦ÍÈÑ½£¡",ÓĞÓÃ,340,äìÎèÎè,2020-07-15 21:00:53,¿´¹ı,
1761674128-92,https://movie.douban.com/subject/27180943/comments?status=P,https://movie.douban.com/subject/27180943/comments?start=80&limit=20&sort=new_score&status=P&percent_type=,ÖØÆôĞ¡Ëµ¿´ÁËÒ»²¿·Ö£¬Ç°¼¸ÌìÓÖ¿´ÁËÆ¬»¨£¬´ó°®ÖÇÁ¦¸ß¡¢ĞĞ¶¯Á¦Ç¿ÓÖĞÄĞÔÈçÒ»µÄÎâĞ°¡£ÔÚ¶şÊåÃæÇ°£¬ËûÓÖÊÕÁ²·æÃ¢£¬ÊåÖ¶Á½ÈËÒ»Æğ´òÓÎÏ·ÄÇÀï¾ÍºÜ´ÁÎÒÁËÿÿÖÕÓÚµÈµ½¿ª²¥ÁË£¡,ÓĞÓÃ,330,·¼·¼,2020-07-15 20:43:00,¿´¹ı,
1761674128-93,https://movie.douban.com/subject/27180943/comments?status=P,https://movie.douban.com/subject/27180943/comments?start=80&limit=20&sort=new_score&status=P&percent_type=,ÕæÃ»¾¢£¬ÓÈÆäÊÇÖ÷Ñİ£¬ºÍÔ­ÖøÏà²îÊ®Íò°ËÇ§Àï¡£,ÓĞÓÃ,209,ÓÉ¼óÈëÉİÒ×£¬ÓÉ,2020-07-17 03:44:31,¿´¹ı,
1761674128-94,https://movie.douban.com/subject/27180943/comments?status=P,https://movie.douban.com/subject/27180943/comments?start=80&limit=20&sort=new_score&status=P&percent_type=,¿´µ½ÓĞÈËÔÚÅúÅĞ£¬ÎÒĞÄÇéÉÔÎ¢ºÃÁËĞ©£¬Ò»ĞÇ¸øÇé»³,ÓĞÓÃ,176,MoonV,2020-07-18 07:49:40,¿´¹ı,
1761674128-95,https://movie.douban.com/subject/27180943/comments?status=P,https://movie.douban.com/subject/27180943/comments?start=80&limit=20&sort=new_score&status=P&percent_type=,ÖìÒ»ÁúÑİ¼¼²î,ÓĞÓÃ,160,¶¹ÓÑ212654579,2020-07-19 08:12:03,¿´¹ı,
1761674128-96,https://movie.douban.com/subject/27180943/comments?status=P,https://movie.douban.com/subject/27180943/comments?start=80&limit=20&sort=new_score&status=P&percent_type=,¿´¹ıÑîÑóºÍÀîÒ×·å°æµÄµÁÄ¹£¬ÕâÒ»°æ£¬ÕæµÄ»ÙÁËµÁÄ¹µÄÃûÆø£¬ÌØĞ§ºÍ³¡¾°»¹ÊÇÓĞËù½ø²½£¬µ«½Ú×à£¬Ñİ¼¼£¬ÑÕÖµ£¬¹ÊÊÂĞÔ¶¼Ò»ÑÔÄÑ¾¡¡£µÁÄ¹ÏµÁĞÕæµÄÒ»²¿²»ÈçÒ»²¿¡£¶à×¢ÖØÄÚÈİ°É£¬±ğ¹â·ÅÔÚÌØĞ§ÉÏ¡£,ÓĞÓÃ,185,¿ìÀÖµÄĞ¡Äàµã×Ó,2020-07-17 05:12:52,¿´¹ı,
1761674128-97,https://movie.douban.com/subject/27180943/comments?status=P,https://movie.douban.com/subject/27180943/comments?start=80&limit=20&sort=new_score&status=P&percent_type=,Æú¿Ó£¬Ã»Ö®Ç°µÄÏµÁĞºÃ¿´,ÓĞÓÃ,182,pan pan,2020-07-16 16:51:43,¿´¹ı,
1761674128-98,https://movie.douban.com/subject/27180943/comments?status=P,https://movie.douban.com/subject/27180943/comments?start=80&limit=20&sort=new_score&status=P&percent_type=,ÕâÄ¹µÄ²¼¾°¸úÎÒÍæÈË¾ù50µÄÃÜÊÒÌÓÍÑ²î²»¶à£¬µÁÄ¹±Ê¼ÇÓ°ÊÓ»¯ÕæµÄÅÄÂí¶¼¸Ï²»ÉÏ¹í´µµÆ,ÓĞÓÃ,139,momo,2020-07-20 12:31:33,¿´¹ı,
1761674128-99,https://movie.douban.com/subject/27180943/comments?status=P,https://movie.douban.com/subject/27180943/comments?start=80&limit=20&sort=new_score&status=P&percent_type=,Ã»ÓĞĞû´«µÄÄÇ¸öĞ§¹û,ÓĞÓÃ,136,Ï÷Æ»¹ûµÄÄİÄİ,2020-07-20 06:25:20,¿´¹ı,
1761674128-100,https://movie.douban.com/subject/27180943/comments?status=P,https://movie.douban.com/subject/27180943/comments?start=80&limit=20&sort=new_score&status=P&percent_type=,ÀïÃæÒ»¸öÄĞµÄÑÛ½ÇÎÆÌ«ÖØÁË°É£¡ñŞ×ÓºÃÖØ£¬»¹Ã»ÓĞĞ¡¸çË§ÄØ£¡,ÓĞÓÃ,131,¡¸¹¾ß´¹¾ß´¡¹,2020-07-21 07:37:23,¿´¹ı,
,,,,,,,,,
1761674229-1,https://movie.douban.com/subject/35182499/comments?status=P,,"µÚ¶ş¼¾ÎÒÀ´ÁË£¡ËÀµ±Çø£¬°²ÅÅ£¡À×³Ç£¬°²ÅÅ£¡50Íò£¬°²ÅÅ£¡µô¹×Òº£¬°²ÅÅ£¡
²¹£º°¾Ò¹×·ÍêÁË°Ë¼¯£¬Ì«¾«²ÊÁËÒ²Ì«¸ĞÈËÁËÎØÎØÎØÎØÎØ",ÓĞÓÃ,1469,ÊşÄû,2020-09-13 20:05:04,¿´¹ı,
1761674229-2,https://movie.douban.com/subject/35182499/comments?status=P,,·ÛË¿ÕæµÄÂúµ¯Ä»ŞÎ´µ£¬Ã÷Ã÷¶¼±»¼ôµÃÇ°²»´îºó£¬»¹ÔÚÂúÆÁµÄºÃ¾«²Ê°¡£¡£¡__,ÓĞÓÃ,1165,_Ğ¡_,2020-09-17 16:08:44,¿´¹ı,
1761674229-3,https://movie.douban.com/subject/35182499/comments?status=P,,ÖÕÓÚ¶×µ½µÚ¶ş¼¾°¡°¡°¡°¡ÓÖ¿ÉÒÔ¿ªĞÄ×·¾çÀ²£¡Ï£ÍûÌÒ¶à¸ãµã»¨Ğõ£¬½ñÍí°¾Ò¹×·ÆğÀ´,ÓĞÓÃ,223,ÔçË¯ºÃ²»ºÃÑ½,2020-09-13 20:09:22,¿´¹ı,
1761674229-4,https://movie.douban.com/subject/35182499/comments?status=P,,ºÍ1²î²»¶àµÄ¸Ğ¾õ£¬²»¹ı2µÄÎ¢²©ÂòÈÈËÑÉÙÁË£¬Í¦ºÃµÄ,ÓĞÓÃ,429,vllv,2020-09-17 16:15:31,¿´¹ı,
1761674229-5,https://movie.douban.com/subject/35182499/comments?status=P,,¿´ÍêµÚÒ»¼¾ÒâÓÌÎ´¾¡£¬µÚ¶ş¼¾Ô­°àÕóÈİÊÇÕæµÄºÃÆÀ¡£È«Ô±Ñİ¼¼ÔÚÏß£¬³¡¾°ÌØĞ§×öµÄÊ®·ÖÓÃĞÄ£¬ÓĞµçÓ°µÄÖÊ¸Ğ¡£¾çÇé¾«²Ê´Ì¼¤£¬¾ø¶ÔÊÇÒ»²¿ÖµµÃ×·µÄÁ¼ĞÄ¾ç£¡,ÓĞÓÃ,3198,ÎÊÎÒÀ´ºÎ·½,2020-09-13 20:10:10,¿´¹ı,
1761674229-6,https://movie.douban.com/subject/35182499/comments?status=P,,°¥Ñ½´ê´êÊÖ£¡ÆÚ´ıÒ»ÏÂ50ÍòÒ»¸öÔÂÒşĞÎÁËÕûÕûµÚÒ»¼¾µÄºì¶¥Ë®ÏÉ~,ÓĞÓÃ,156,ĞÇÁµ³¿êØ,2020-09-13 20:07:41,¿´¹ı,
1761674229-7,https://movie.douban.com/subject/35182499/comments?status=P,,ÎÒ²ÁÕâÊÇÎÒ×·¾çÕâÃ´¶àÄêÀ´Î¨Ò»Ò»²¿ÕâÃ´¿ì³öµÚ¶ş¼¾µÄ¾ç__iÁËiÁË£¡ÎÒ¿ÉÌ«Ï¡º±ÅÖÅÖºÍĞ¡ÈıÒ¯ÁË£¬¸øÎÒ³å³å³å£¡,ÓĞÓÃ,2957,È«´å×îö¦µÄáÌ,2020-09-13 20:14:12,¿´¹ı,
1761674229-8,https://movie.douban.com/subject/35182499/comments?status=P,,Èı¸öÈËµÄ¹ØÏµ»¹ÓĞ»¥¶¯ÊÇµÁÄ¹ÏµÁĞ×îºÃµÄ£¬¸ÄµÄÅÄµÄ×î²»ŞÏŞÎµÄÁË¡£Òª²»ÊÇÎªÁË¹ıshen...°¦,ÓĞÓÃ,1016,illusion,2020-09-13 20:08:55,¿´¹ı,
1761674229-9,https://movie.douban.com/subject/35182499/comments?status=P,,ÉñÃ÷½Ó×¡ÁËËûµÄÈË¼ä¡£ÌıËµµÚ¶ş¼¾ÌúÈı½Ç»¹»áºÏÌå£¬Êé·ÛÕæµÄµÈÌ«¾ÃÁË°¡°¡°¡ºÃ¼¤¶¯______,ÓĞÓÃ,326,»ªÀöµÄÒ»±Æ,2020-09-13 20:10:25,¿´¹ı,
1761674229-10,https://movie.douban.com/subject/35182499/comments?status=P,,µÚ¶ş²¿À´À²£¡¸øÅÖÒ¯°²ÅÅµãºÃÒöÔµ°É£¡Ã»ÓĞºÃÒöÔµ¾ÍÈÃÌúÈı½ÇÒ»Ö±ÔÚÒ»Æğ°¡£¡,ÓĞÓÃ,173,¸§ÇÙ¡¢Ğ¦²×É£¡ã,2020-09-13 20:10:08,¿´¹ı,
1761674229-11,https://movie.douban.com/subject/35182499/comments?status=P,,ÈıÊå°¡£¬¸ĞÇéÏ·ÔÛ²»ÉÃ³¤¾Í±ğÕûÁË°É£¬ÎÒ¿´ÅÖÂèÂèĞ¡¸çÎâĞ°¶·×ìÄÜ¿´Ò»°Ù¼¯²»ÏÓ¶àÄØ£¬¶àÑİÑİËûÃÇØí°Éball ballÄãÀ²À²À²À²£¬OK£¬¾Í½´¡«,ÓĞÓÃ,580,³Ô¹Ï¶ì²»´òÕÛ,2020-09-13 20:11:16,¿´¹ı,
1761674229-12,https://movie.douban.com/subject/35182499/comments?status=P,,"³¬ºÃ¿´£¡¹ÊÊÂ½ô´Õ£¬ÖìÒ»ÁúÑİ¼¼°ô£¬Ì¨´Ê»¹Ú¶Ğ³£¡£¡ºÃ¾ÃÃ»¿´µ½Ñİ¼¼ºÍÖÆ×÷Ë«¸ßµÄ¾çÁË£¡


°¡°¡°¡°¡°¡°¡£¬µÚÒ»¼¾ÖìÒ»ÁúÎâĞ°Ì«°ôÁË£¡ÑİµÃºÃ£¬³¤µÃºÃ£¡______ÖØÆôÖ®¼«º£ÌıÀ×µÚ¶ş¼¾ºÃ¿´£¡",ÓĞÓÃ,1815,Ò»Á³ÃÀÈËğë,2020-09-13 20:37:12,¿´¹ı,
1761674229-13,https://movie.douban.com/subject/35182499/comments?status=P,,¿´ÁËµÚ¶ş¼¾Ô¤¸æ£¬Ì«È¼ÁË°É£¡ÌØĞ§ÒÀ¾É¸øÁ¦£¬ÎâĞ°×îºóµ½µ×ÕÒµ½ÈıÊåÃ»°¡£¬ºÃÏëÖªµÀ£¡,ÓĞÓÃ,1548,¿§·ÈÄÔ´ü²»»á·É,2020-09-13 20:09:24,¿´¹ı,
1761674229-14,https://movie.douban.com/subject/35182499/comments?status=P,,ÑİÔ±Ñİ¼¼Å£±Æ£¬ÌØĞ§Å£±Æ£¬ÎÒÒªËµÒ»Íò±é£¡£¡£¡ÎâĞ°Äã¸øÎÒÈ¥ºÃºÃÑø²¡£¬Ò»¶¨ÒªºÃÆğÀ´°¡£¡£¡£¡£¡ÎÒÃÇÖÚ³ï¸øÄã¿ª»ğ²ñ³§°¡£¬ÎâĞ°Ğ¡ÈıÒ¯³åÑ¼¡«,ÓĞÓÃ,3141,ĞÇÒ°,2020-09-13 20:05:24,¿´¹ı,
1761674229-15,https://movie.douban.com/subject/35182499/comments?status=P,,¿´ÁËÔ¤¸æ£¬Ò»¸ö×ÖÈ¼¡£µ±ÎâĞ°Ñ¡ÔñÁËÀ×³Ç£¬ËûÔçÒÑ²»ÊÇÎªÁË×Ô¼º£¬¶øÊÇÎªÁËÅóÓÑÈ¥Æ´£¬Ñ¡Ôñ°ÑÏàĞ¯Ïà°éµÄÅóÓÑ·ÅÔÚÉíºó£¬°ÑÎ´ÖªµÄÌôÕ½Áô¸ø×Ô¼º¡£µ«ÌúÈı½ÇÔõÄÜ²»ÔÚ£¬Ğ¡·ÛË¿ÔõÃ´È±Ï¯£¬´ıÎÒÃÇÖØÆôÀ×³Ç¿´ÎâĞ°×éÍÅ´òboss£¬ÎŞÎ·ÏÕ×è£¬µ«ÇóĞÂÉú¡£,ÓĞÓÃ,1425,Ğ¡Ã«Â¿³Ô¶¹×Ó,2020-09-13 20:13:57,¿´¹ı,
1761674229-16,https://movie.douban.com/subject/35182499/comments?status=P,,ÖØÆôµÚ¶ş¼¾ÖÕÓÚ²¥³öÁË£¬ºÃÏÛÄ½ÌúÈı½ÇÖ®¼äµÄÓÑÇé°¡£¡ÎÒÏë×îºÃµÄÓÑÇéÄª¹ıÓÚ´Ë£¬Ò»¸öÑÛÉñÒ»¸ö¶¯×÷£¬¾ÍÄÜÖªµÀ¶Ô·½Ïë×öÊ²Ã´²¢ÓëÖ®ÅäºÏµÄÌìÒÂÎŞ·ì¡£,ÓĞÓÃ,887,ÀÁÀÁ¾ÍÊÇÎÒ,2020-09-13 20:17:06,¿´¹ı,
1761674229-17,https://movie.douban.com/subject/35182499/comments?status=P,,µÚ¶ş¼¾ÖÕÓÚÀ´À²£¡ËÀµ±ÇøÒ»Èç¼ÈÍù¸ßÄÜÊä³ö£¡¿´µÄÎÒ½ôÕÅËÀÁË£¡Ğ¡ÈıÒ¯£¬Äã´óµ¨µØÍùÇ°×ß£¬²»ÆÆ²»Á¢£¬ÏòËÀ¶øÉú£¡,ÓĞÓÃ,2344,ÏÄÌìµÄÑÕÉ«,2020-09-13 20:04:47,¿´¹ı,
1761674229-18,https://movie.douban.com/subject/35182499/comments?status=P,,ÎÒÈ¥£¬µÈÁËÕâÃ´³¤Ê±¼ä£¬ÎÒ¾ÍËµÎÒÎªÊ²Ã´ÔÚ9ÔÂ12ºÅ¹ıÉúÈÕÄØ£¿Ô­À´ÊÇ9ÔÂ13ºÅÖØÆô2Òª³öÀ´ÁËÑ½£¬Ğ»Ğ»°®ÆæÒÕ¸øÎÒÕâÃ´ºÃµÄÉúÈÕÀñÎï£¡£¡¹ûÈ»ÊÇÃ»ÓĞÈÃÎÒÊ§Íû£¬ÆÚ´ıÔÚºóÃæ¿´µ½¸ç¸çÃÇ¸üºÃµÄ±íÏÖ£¬°ÂÀû¸ø£¡£¡£¡£¡,ÓĞÓÃ,660,____girls,2020-09-13 20:20:39,¿´¹ı,
1761674229-19,https://movie.douban.com/subject/35182499/comments?status=P,,¾ç±¾ÎÊÌâÌ«´óÁË£¬Âß¼­²»ÄÜ×ÔÇ¢,ÓĞÓÃ,2605,çö¶ş,2020-09-15 22:56:44,¿´¹ı,
1761674229-20,https://movie.douban.com/subject/35182499/comments?status=P,,Æô×ÓµÚ¶ş¼¾£¬Ğ¡ÈıÒ¯£¬go¡£,ÓĞÓÃ,502,ÆÓÊµÎŞ»ªµÄÑô¹â,2020-09-13 20:22:09,¿´¹ı,
1761674232-21,https://movie.douban.com/subject/35182499/comments?status=P,https://movie.douban.com/subject/35182499/comments?start=20&limit=20&sort=new_score&status=P&percent_type=,ÖØÆôµÚ¶ş¼¾ÕâÃ´¿ì¾ÍÉÏÁË!»¹ÒÔÎªÒªµÈºÃ¾Ã£¬±ØĞë´ò¸öÎåĞÇ½±Àø¡£µÚÒ»¼¾ÕæµÄºÃ¾«²Ê£¬µÚ¶ş¼¾Ô¤¸æ¿´ÆğÀ´±ÈµÚÒ»¼¾»¹¾«²Ê£¬Ì«Ï²»¶ÖìÒ»ÁúºÍ³ÂÀÏÊ¦µÄ¶ÔÊÖÏ·ÁË¡£,ÓĞÓÃ,548,Ïã½¹Ã»Êì,2020-09-13 20:17:42,¿´¹ı,
1761674232-22,https://movie.douban.com/subject/35182499/comments?status=P,https://movie.douban.com/subject/35182499/comments?start=20&limit=20&sort=new_score&status=P&percent_type=,ºÍ¹í´µµÆ²îµÄÌ«¶à,ÓĞÓÃ,625,¿Õ¡£,2020-09-17 00:46:00,¿´¹ı,
1761674232-23,https://movie.douban.com/subject/35182499/comments?status=P,https://movie.douban.com/subject/35182499/comments?start=20&limit=20&sort=new_score&status=P&percent_type=,ÎÒÒÔÎª¸»¶ş´úÎâĞ°ÈËÉúµÄ×î´óÎ£»úÔÚµÚÒ»¼¾ÒÑ¾­³öÏÖÁË£¬ÔõÃ´µÚ¶ş¼¾¸ü²ÒÁË¡£×÷ÎªÒ»¸ö´¦ÔÚÉúÃüµ¹¼ÆÊ±½×¶ÎµÄÈËÀ´Ëµ£¬ÊÇ²»ÊÇÓĞµãÌ«²ĞÈÌÁË¡£Öî¶àÒÉÎÊÏëÔÚµÚ¶ş¼¾ÀïÕÒÑ°´ğ°¸£¬ĞíÔ¸ÌúÈı½ÇÒ»ÇĞË³Àû°¡¡£,ÓĞÓÃ,528,Citrus,2020-09-13 20:08:10,¿´¹ı,
1761674232-24,https://movie.douban.com/subject/35182499/comments?status=P,https://movie.douban.com/subject/35182499/comments?start=20&limit=20&sort=new_score&status=P&percent_type=,µÚ¶ş¼¾ÖÕÓÚÀ´ÁË£¡µÚÒ»¼¾¿´ÍêÖ®ºó¸Ğ¾õµÈÁËºÃ¼¸¸öÔÂÄÇÃ´Âş³¤£¡¿´¹ıÆ¬»¨£¬ÕâÒ»¼¾µÄ¹ÊÊÂ±ÈµÚÒ»¼¾¸ü¼ÓÆæÃî£¬¸ü¼ÓÎüÒıÎÒ£¡£¡£¡¸Ï½ôÆÈ²»¼°´ı¿´ÆğÀ´£¡£¡ÎâĞ°£¬ÌúÈı½Ç£¬À×³Ç£¬ÎÒÀ´ÁË£¡Ò»ÆğÌ½ÏÕÑ½£¡£¡,ÓĞÓÃ,1892,ÓÖêÀ¾ı,2020-09-13 20:14:03,¿´¹ı,
1761674232-25,https://movie.douban.com/subject/35182499/comments?status=P,https://movie.douban.com/subject/35182499/comments?start=20&limit=20&sort=new_score&status=P&percent_type=,µÚ¶ş¼¾Ì«´Ì¼¤ÁË£¬ËÀµ±ÇøÎÒ°®ÁË£¬¾çÇéÉı¼¶£¬¹ÊÊÂÔ½À´Ô½ÎüÒıÈË£¬ÎâĞ°ÉíÌå¸Ğ¾õ°¾²»×¡ÁË£¬¾¾ĞÄ,ÓĞÓÃ,505,ÂÃĞĞÊ«ÈË,2020-09-13 20:22:37,¿´¹ı,
1761674232-26,https://movie.douban.com/subject/35182499/comments?status=P,https://movie.douban.com/subject/35182499/comments?start=20&limit=20&sort=new_score&status=P&percent_type=,ÔÚµÚÒ»¼¾ºóÃæ£¬ÌúÈı½ÇÔİÊ±·Ö¿ªÁË¡£¾¡¹ÜÎâĞ°Ò»¸öÈËµÄÊ±ºò¿ÉÒÔºÜÀä¾²¿ìËÙ×ö³öÅĞ¶Ï£¬µ«ÎÒ¸üÏ²»¶ÌúÈı½ÇÒ»ÆğÊ±µÄËûÃÇµÄ·ÅËÉÓëĞÅÀµ¡£ÏÖÔÚÖØÆôµÚ¶ş¼¾ÖÕÓÚÀ´ÁË£¬ÖÚÈËÇ°ÍùÉñÃØÀ×³ÇÌ½ÏÕ£¬ÓĞĞÂµÄÈËÎïĞÂµÄ¹ÊÊÂ£¬ÇÒ¿´ÖÚÈËÈçºÎ»¯ÏÕÎªÒÄ£¬¿´ÌúÈı½ÇÈçºÎÔÙ¶È²¢¼ç×÷Õ½¡£,ÓĞÓÃ,485,Ìñ,2020-09-13 20:19:05,¿´¹ı,
1761674232-27,https://movie.douban.com/subject/35182499/comments?status=P,https://movie.douban.com/subject/35182499/comments?start=20&limit=20&sort=new_score&status=P&percent_type=,Ì«²î¾¢ÁË£¬Ì«À¬»øÁË£¬Ò»¸öÈË¶¼¿ìËÀÁË»¹ÄÜÕâÑùÕÛÌÚ?Ò»µã¶¼²»ºÏÀí¡£ÀïÃæµÄÅ®ĞÔ½ÇÉ«¾ÍÃ»ÓĞÌØ±ğÌÖÏ²µÄ£¬ÓÈÆäÄÇ¸öÆ®Æ®¡£ÅÖ×ÓÒ²±äµÃÌØ±ğÉµÈ±£¬ÈËÎïËÜÔìÈ«Ô±À­¿ç£¬È«Ìå±»Ï÷Èõ¡£ĞìÀÚÄã¿ªĞÄ¾ÍºÃ£¬ÕæµÄ¶ÔÄãÌØ±ğÊ§Íû£¬ÎªÁËÇ®²»ÔñÊÖ¶Î¡£ÄãÊÇ×Ü±à¾çÕâÊÂ¶ù¾ÍµÃÂîÄã£¬ÊÜ×Å°É£¬¿ŞÒ²Ã»ÓÃ£¬ÂôÊ²Ã´²ÒÄØ¡£,ÓĞÓÃ,831,Ë®ÄàÖà,2020-09-14 10:29:51,¿´¹ı,
1761674232-28,https://movie.douban.com/subject/35182499/comments?status=P,https://movie.douban.com/subject/35182499/comments?start=20&limit=20&sort=new_score&status=P&percent_type=,¹·Î²Ğøõõ,ÓĞÓÃ,407,Ææ_,2020-09-16 10:58:33,¿´¹ı,
1761674232-29,https://movie.douban.com/subject/35182499/comments?status=P,https://movie.douban.com/subject/35182499/comments?start=20&limit=20&sort=new_score&status=P&percent_type=,µÚ¶ş¼¾¹Û¸Ğ´óÅ°°¡°¡°¡ÎâĞ°¾Í²»ËµÁË£¬Ö±Ãæ±¯ÉËµÄÈË¾¹È»¿ŞµÃÕâÃ´ÈÃÈËĞÄÌÛ°¡£¡·çÓê¹ıºó£¬ÎâĞ°ÖØĞÂÄæ·çÆğº½£¡À×³ÇµÄÃØÃÜ¡¢ÌıÀ×µÄÕæÏà¡¢ËÀµ±ÇøµÄÃÕÍÅ£¬ÅÌ¸ù´í½ÚµÄÌ½ÏÕ¹ÊÊÂ£¬Ï£ÍûÒ»ÇĞ¶¼ÓĞ¸ö½á¾Ö£¡£¡ÖìÒ»ÁúÎâĞ°Ğ°µÛ¹éÀ´£¡£¡,ÓĞÓÃ,419,º®±ùÖ®Áè,2020-09-13 20:29:46,¿´¹ı,
1761674232-30,https://movie.douban.com/subject/35182499/comments?status=P,https://movie.douban.com/subject/35182499/comments?start=20&limit=20&sort=new_score&status=P&percent_type=,À¬»øÍæÒâ¶ù£¬60¶à¼¯·Ö³ÉÁ½¼¾²¥£¬ÓÅ¿á³ÔÏàÌ«ÄÑ¿´£¬ÒÔÎªÍÑÁËÂí¼×¾Í²»ÈÏÊ¶ÄãÁËÂğ£¿,ÓĞÓÃ,390,Liz,2020-09-16 21:12:10,¿´¹ı,
1761674232-31,https://movie.douban.com/subject/35182499/comments?status=P,https://movie.douban.com/subject/35182499/comments?start=20&limit=20&sort=new_score&status=P&percent_type=,Ô½À´Ô½ÄÑ¿´µÄ¾ç,ÓĞÓÃ,355,ºáÉ¨Ó²ºË,2020-09-16 03:13:37,¿´¹ı,
1761674232-32,https://movie.douban.com/subject/35182499/comments?status=P,https://movie.douban.com/subject/35182499/comments?start=20&limit=20&sort=new_score&status=P&percent_type=,¶¨µµÀ´µÃâ§²»¼°·À£¬µÚÒ»¼¯Ò»ÉÏÀ´¾ÍÕâÃ´´Ì¼¤£¬½Ú×à±ÈµÚÒ»¼¾»¹Òª¿ìÂğ£¡ÎâĞ°ÅõÓÖ±³ÓÖÅõĞ¡°×Á³Ò²Ì«ËÕÁË°ÉÍÛ¿¿£¡,ÓĞÓÃ,399,ÌÇĞ¡°ü,2020-09-13 20:11:18,¿´¹ı,
1761674232-33,https://movie.douban.com/subject/35182499/comments?status=P,https://movie.douban.com/subject/35182499/comments?start=20&limit=20&sort=new_score&status=P&percent_type=,ÎÒÕæ°®ËÀ¡°¼¯·æÀûÓë´àÈõ£¬½Æ÷ïÓëÉÆÁ¼£¬±¯¾çÓëÏ²¾ç¸ĞÓÚÒ»ÉíµÄÎâĞ°Ê½÷ÈÁ¦¡±ÁË£¡£¡£¡±ßÅ°±ßË¬£¬Éî¶ÈºÍ¿ì¸Ğ¼æ±¸£¬ÊÓ¾õ¡¢Ìı¾õ¡¢¾çÇé¡¢±íÑİµÄ¶àÖØÏíÊÜ£¬ÖØÆô¾«µÄ¿ìÀÖ»ØÀ´µÄâ§²»¼°·À¹ş¹ş¹ş,ÓĞÓÃ,1419,¼òµ¥Ò»µã,2020-09-13 20:05:25,¿´¹ı,
1761674232-34,https://movie.douban.com/subject/35182499/comments?status=P,https://movie.douban.com/subject/35182499/comments?start=20&limit=20&sort=new_score&status=P&percent_type=,Ã»Ïëµ½µÚ¶ş¼¾ÕâÃ´¿ì¾ÍÀ´ÁË______£¬µÚ¶ş¼¾¸üÈ¼¸üºÃ¿Ş°¡£¡Ğ¡°×Ì«¿É°®ÁË£¬ÎâĞ°ºÍÅÖÒ¯ÕæµÄÊÇÉñÏÉÓÑÒê__£¬ÖìÒ»ÁúºÍ³ÂÃ÷ê»ÀÏÊ¦µÄ¶ÔÊÖÏ·¿´µÄÍ¦Ë¬£¬ÖÕÓÚµÈµ½ºì¶¥Ë®ÏÉÁË¹ş¹ş¹ş¹ş¹ş¹ş£¬Ğ¦ËÀÎÒÁË£¬ÑîµÏ£¬²»À¢ÊÇÄã________,ÓĞÓÃ,402,½ĞÉ¶ºÃÄØÎÒÏëÏë,2020-09-13 20:14:33,¿´¹ı,
1761674232-35,https://movie.douban.com/subject/35182499/comments?status=P,https://movie.douban.com/subject/35182499/comments?start=20&limit=20&sort=new_score&status=P&percent_type=,±ÕÑÛ´µ£¿±ÕÑÛ´µ£¿±ÕÑÛ´µ£¿±ÕÑÛ´µ£¿±ÕÑÛ´µ£¿±ÕÑÛ´µ£¿±ÕÑÛ´µ£¿±ÕÑÛ´µ£¿±ÕÑÛ´µ£¿±ÕÑÛ´µ£¿±ÕÑÛ´µ£¿±ÕÑÛ´µ£¿±ÕÑÛ´µ£¿,ÓĞÓÃ,705,PoeticJustice,2020-09-17 00:00:41,¿´¹ı,
1761674232-36,https://movie.douban.com/subject/35182499/comments?status=P,https://movie.douban.com/subject/35182499/comments?start=20&limit=20&sort=new_score&status=P&percent_type=,ÑİÔ±ÕóÈİÑ¡µÄ²»´í£¬ÌùºÏ½ÇÉ«£¬½Ú×àºÜ¿ì£¬ÌØĞ§×öµÄÍ¦ÓÃĞÄ£¬¼ÌĞø×·ÁË¡«,ÓĞÓÃ,375,ÊÇ¼Ó·Æ²»ÊÇÃ¨,2020-09-13 20:16:29,¿´¹ı,
1761674232-37,https://movie.douban.com/subject/35182499/comments?status=P,https://movie.douban.com/subject/35182499/comments?start=20&limit=20&sort=new_score&status=P&percent_type=,Æ¤Ò»ÁúÖµµÃ,ÓĞÓÃ,200,´º×Ïµ°µ°,2020-11-19 23:53:44,¿´¹ı,
1761674232-38,https://movie.douban.com/subject/35182499/comments?status=P,https://movie.douban.com/subject/35182499/comments?start=20&limit=20&sort=new_score&status=P&percent_type=,³¡¾°£¬ÉãÓ°»¹ÓĞÌØĞ§×ÅÊµ¾ªÑŞµ½ÎÒÁË£¬ÅË°²×Óµ¼Ñİ²»´í°¡£¬¼¸Î»Ö÷ÑİÒ²²»´í¡£,ÓĞÓÃ,316,°²ºÍÇÅ°é×à,2020-09-13 20:26:11,¿´¹ı,
1761674232-39,https://movie.douban.com/subject/35182499/comments?status=P,https://movie.douban.com/subject/35182499/comments?start=20&limit=20&sort=new_score&status=P&percent_type=,ÀÏÆ¤ÁË£¡40¶àËêÈËÁË»¹ÑİÉÙÄê£¬Âé·³ÑİÏ·¿´¿´×Ô¼ºÄêÁäºÍÑÕÖµ£¬ÍÂÁË,ÓĞÓÃ,179,²è²è,2020-11-20 08:10:52,¿´¹ı,
1761674232-40,https://movie.douban.com/subject/35182499/comments?status=P,https://movie.douban.com/subject/35182499/comments?start=20&limit=20&sort=new_score&status=P&percent_type=,Ì«´Ì¼¤ÁË£¡Ò»¿ªÊ¼µÄËÀµ±Çø¾ÍºÃÎüÒıÈË£¬ÎâĞ°»Ã¾õ¿´¼ûÈıÊåË²¼äÑÛºìÈ«Éí½ô±Á~ÖìÒ»ÁúµÄÑİ¼¼ÕæÊÇ¾øÁË£¡»¹ÓĞÁåîõ³öÏÖÁËÿÿ°¡°¡°¡±ÈµÚÒ»¼¾¸ü¾«²Ê£¡,ÓĞÓÃ,302,·äÄñ·èÁÉ,2020-09-13 20:32:00,¿´¹ı,
1761674235-41,https://movie.douban.com/subject/35182499/comments?status=P,https://movie.douban.com/subject/35182499/comments?start=40&limit=20&sort=new_score&status=P&percent_type=,Ò»ĞÇ¸øĞìÀÚĞÂ¾ÅÃÅºÍËÄÃÃ,ÓĞÓÃ,640,ÅÖÅÖµÄÃ¨×¥°å,2020-09-13 20:45:04,¿´¹ı,
1761674235-42,https://movie.douban.com/subject/35182499/comments?status=P,https://movie.douban.com/subject/35182499/comments?start=40&limit=20&sort=new_score&status=P&percent_type=,ÕæµÄ²»ÊÇÔÚË®·ÖÂğ,ÓĞÓÃ,255,¾ÅÔÂĞÇÒ°_,2020-09-16 20:13:37,¿´¹ı,
1761674235-43,https://movie.douban.com/subject/35182499/comments?status=P,https://movie.douban.com/subject/35182499/comments?start=40&limit=20&sort=new_score&status=P&percent_type=,Ïë¿´ÎâĞ°ÍÂÑªÂğ£¿Ïë¿´ÌúÈı½Ç¸°ÌÀµ¸»ğÉúËÀ²»ÀëÂğ£¿Ïë¿´Ğ¡ÈıÒ¯ÕÒµ½¶şÊåÁôÔÚËÀµµÇøµÄÃØÃÜÃ´£¿ÏëÈ¥À×³Ç¸§Æ½Ò»ÇĞÒÅº¶Âğ£¿ÎÒÀ´ÁË£¬Ğ¡ÈıÒ¯£¡,ÓĞÓÃ,1223,Ä¦¿¨,2020-09-13 20:16:27,¿´¹ı,
1761674235-44,https://movie.douban.com/subject/35182499/comments?status=P,https://movie.douban.com/subject/35182499/comments?start=40&limit=20&sort=new_score&status=P&percent_type=,ÎªÊ²Ã´ÄÜ±ÈµÚÒ»¼¾»¹²î¡£¡£¡£,ÓĞÓÃ,231,ÓêÂäÌìÇï,2020-09-14 22:12:15,¿´¹ı,
1761674235-45,https://movie.douban.com/subject/35182499/comments?status=P,https://movie.douban.com/subject/35182499/comments?start=40&limit=20&sort=new_score&status=P&percent_type=,µ±Äê³Ô×ÅÆ¿Ğ°µÄ¸£ÀûÏÖÔÚÀ´¼ÓblÏß£¬ĞìÀÚÃ»ÓĞĞÄ¹ş£¬Ğ¡°×»¹²»Èç±»ÄãĞ´ËÀµÄ°¢Äş£¨²»Õë¶ÔÑİÔ±£©,ÓĞÓÃ,196,ÍíĞÇ·º·º¡¤,2020-09-14 00:41:26,¿´¹ı,
1761674235-46,https://movie.douban.com/subject/35182499/comments?status=P,https://movie.douban.com/subject/35182499/comments?start=40&limit=20&sort=new_score&status=P&percent_type=,µÚ¶ş¼¾ÖÕÓÚ³öÀ´ÁË£¬Ò»ÉÏÀ´¾Í½øÁËËÀµ±Çø£¬Õâ¾çÇé¿ÉÒÔ°¡,ÓĞÓÃ,271,Ò»¸öÍøÓÑ°ÕÁÉ,2020-09-13 20:37:53,¿´¹ı,
1761674235-47,https://movie.douban.com/subject/35182499/comments?status=P,https://movie.douban.com/subject/35182499/comments?start=40&limit=20&sort=new_score&status=P&percent_type=,ºıµ½µØĞÄÁË ²»ÖªµÀÔõÃ´ÏëµÄ Ò»²¿¾ç·ÇÒª²ğ³ÉÁ½²¿²¥,ÓĞÓÃ,200,ÕäÄİÂêÊË¶à,2020-09-16 10:33:29,¿´¹ı,
1761674235-48,https://movie.douban.com/subject/35182499/comments?status=P,https://movie.douban.com/subject/35182499/comments?start=40&limit=20&sort=new_score&status=P&percent_type=,Ã»Ïëµ½µÚ¶ş¼¾³öÀ´ÕâÃ´¿ì£¬³Ã×ÅÇ°Ãæ¾çÇéÃ»Íü¿ª¿´,ÓĞÓÃ,257,¤Ë¤ã¤ó¤³,2020-09-13 20:24:52,¿´¹ı,
1761674235-49,https://movie.douban.com/subject/35182499/comments?status=P,https://movie.douban.com/subject/35182499/comments?start=40&limit=20&sort=new_score&status=P&percent_type=,¿´ÍêÁËÖØÆôÒ»£¬ºÃÆÚ´ıºÃÆÚ´ıµÄÖØÆô¶şÖÕÓÚÀ´ÁË£¬½Ò¿ªÊ®Ò»²Ö£¬Ì¤ÉÏÈ¥ÍùÀ×³ÇµÄÂ·¡£ÆÚ´ı½¹ÀÏ°åµÄ¿É°®³öÏÖ£¬ÆÚ´ıÌúÈı½ÇµÄÖØ·ê£¬Ì¤ÉÏÃ°ÏÕÖ®ÂÃ¡£ÆÚ´ıÌúÈı½ÇÓë½¹ÀÏ°åµÄÕıÃæ¶Ô¾ö¡£¸ü¶à´Ì¼¤´òÏ·Óë±¬ÆÆ¡£,ÓĞÓÃ,258,_¤¯çü,2020-09-13 20:34:34,¿´¹ı,
1761674235-50,https://movie.douban.com/subject/35182499/comments?status=P,https://movie.douban.com/subject/35182499/comments?start=40&limit=20&sort=new_score&status=P&percent_type=,ÖÕÓÚµÈµ½µÚ¶ş¼¾ÁË£¬³¡¾°È¼±¬ÁË£¬¶øÇÒ»¹ÊÇµÚÒ»¼¾µÄÔ­°àÈËÂí£¬ÊìÏ¤µÄÅä·½£¬ÊìÏ¤µÄÎ¶µÀ£¬Õâ¾ÍÊÇÏíÊÜ°¡£¡ºÍÎâĞ°Ò»Æğ¹²ÆÆÃÔ¾Ö£¡,ÓĞÓÃ,253,Ò»Ã×°Ë,2020-09-13 20:27:04,¿´¹ı,
1761674235-51,https://movie.douban.com/subject/35182499/comments?status=P,https://movie.douban.com/subject/35182499/comments?start=40&limit=20&sort=new_score&status=P&percent_type=,Äê¶ÈÄ§»ÃĞüÒÉ´ó¾çÿ,ÓĞÓÃ,199,Matt,2020-09-19 22:20:59,¿´¹ı,
1761674235-52,https://movie.douban.com/subject/35182499/comments?status=P,https://movie.douban.com/subject/35182499/comments?start=40&limit=20&sort=new_score&status=P&percent_type=,Ò»¼¯Æú£¬sorryÕâ²»ÊÇÎÒÈÏÊ¶µÄÆ¿Ğ°,ÓĞÓÃ,205,Ã®ÔÂÃ¨,2020-09-17 22:44:46,¿´¹ı,
1761674235-53,https://movie.douban.com/subject/35182499/comments?status=P,https://movie.douban.com/subject/35182499/comments?start=40&limit=20&sort=new_score&status=P&percent_type=,ÃÔÒ»°ãµÄ¸ĞÇéÏßÿÿ,ÓĞÓÃ,185,³õÊ¼»¯,2020-09-17 06:47:05,¿´¹ı,
1761674235-54,https://movie.douban.com/subject/35182499/comments?status=P,https://movie.douban.com/subject/35182499/comments?start=40&limit=20&sort=new_score&status=P&percent_type=,µÚ¶ş¼¾ÖÕÓÚÀ´ÁË!ÎâĞ°µÄÑİ¼¼ÔÚÏß!¸÷ÖÖĞ¡±íÇéºÃÉú¶¯°¡£¡,ÓĞÓÃ,222,ÌìÕæµÄÆ¿×Ó,2020-09-13 20:40:22,¿´¹ı,
1761674235-55,https://movie.douban.com/subject/35182499/comments?status=P,https://movie.douban.com/subject/35182499/comments?start=40&limit=20&sort=new_score&status=P&percent_type=,µÈ°¡µÈÅÎ°¡ÅÎ£¬µÚ¶ş¼¾ÖÕÓÚÀ´ÁË£¡»¹ÊÇÊìÏ¤µÄÑİÔ±£¬»¹ÊÇÊìÏ¤µÄÎ¶µÀ£¡Ò»ÉÏÀ´¾ÍºÃ´Ì¼¤£¬¿´µÃÕæË¬£¡ÎâĞ°×ÜÊÇÈÃÎÒÇ£¹ÒÓÖ¸Ğ¶¯¡«¿´Æ¬»¨ÕâÒ»¼¾Ò²ÓĞºÃ¶à´ó³¡Ãæ°¡£¬Ï¸½ÚÒ²Í¦Ï¸ÄåµÄ£¬³¬ÆÚ´ı£¡ÌúÈı½Ç£¬¿É°®×·ĞÇÃÔÃÃĞ¡°×£¬ÀÏÊÇÆø¹Ä¹ÄµÄÀî¼ÑÀÖ£¬»¹ÓĞÀÏºüÀê¶şÊå£¬ÎÒÇ£¹ÒµÄºÜ¶àºÜ¶àÈË£¬ÄãÃÇ¶¼ÒªºÃºÃµÄÑ½¡«,ÓĞÓÃ,205,ÄºÄº¡¤ĞşÒ»ó¤,2020-09-13 20:23:42,¿´¹ı,
1761674235-56,https://movie.douban.com/subject/35182499/comments?status=P,https://movie.douban.com/subject/35182499/comments?start=40&limit=20&sort=new_score&status=P&percent_type=,±»ÖÕ¼«±Ê¼Çµõ´ò³öÊº£¬¶øÇÒÊÇ·½·½ÃæÃæÃ¿¸ö½ÇÉ«µÄÑİÔ±¶¼±»µõ´ò£¬¾çÇé±»µõ´ò£¬Ê²Ã´¹íËÄÃÃ°¡ÓÃÄãµÄÑª°¡£¬Ğ¡¸ç¹¤¾ßÈË£¬ÅÖ×Ó±ÀÈËÉè£¬¸úÌìÕæÎŞĞ°Ã»¹ØÏµµÄÖìĞ°£¬ÊÇÄãÈËµ½ÖĞÄêÒ»ÊÂÎŞ³É£¬¿É²»ÊÇÎâĞ°£¬Å»¡£ÖìĞ°¸úËÄÃÃµÄ°®ÇéÏ·¼òÖ±Òª°ÑÎÒ´ø×ß£¬»¹ÓĞÊ²Ã´½á°İÏ·£¬Ñİ¼¼²îµÃÒªËÀ¡£¾ÍÕâ»¹ÓĞÒ»´ó¶Ñ¡°Êé·Û¡±Ëµ»¹Ô­Ô­Öø£¬ÌúÈı½ÇÕâ²¿»¥¶¯×îºÃ£¬ÎÒÅŞ£¬ÑİÔ±·ÛË¿ÒªË¢ºÃÆÀ±ğÅû×ÅÊé·ÛµÄÆ¤£¬¶ñĞÄËÀÈËÁË¡£,ÓĞÓÃ,505,silver lining,2021-01-19 03:43:14,¿´¹ı,
1761674235-57,https://movie.douban.com/subject/35182499/comments?status=P,https://movie.douban.com/subject/35182499/comments?start=40&limit=20&sort=new_score&status=P&percent_type=,ºÁÎŞÂß¼­,ÓĞÓÃ,564,ÕÅ¹ş´ú,2020-09-14 15:07:27,¿´¹ı,
1761674235-58,https://movie.douban.com/subject/35182499/comments?status=P,https://movie.douban.com/subject/35182499/comments?start=40&limit=20&sort=new_score&status=P&percent_type=,ËÀµ±Çø¾Í¸úÏÂÄ¹Ò»Ñù´Ì¼¤£¬ÓĞ³æÎí£¬¹Æ³æ£¬»Ã¾õ£¬»¹ºÍÀÏ¾ÅÃÅ´©ÆğÀ´ÁË¡£ÎÒ¿Ï¶¨ÈıÊåĞ´¾ç±¾µÄÊ±ºòÃ»ÓĞºÈ¸ß¡£,ÓĞÓÃ,194,Æë·É,2020-09-13 20:32:37,¿´¹ı,
1761674235-59,https://movie.douban.com/subject/35182499/comments?status=P,https://movie.douban.com/subject/35182499/comments?start=40&limit=20&sort=new_score&status=P&percent_type=,Ô­°àÈËÂí¾ÍÊÇÔŞ¡«Ô½À´Ô½¾«²ÊÁË£¡,ÓĞÓÃ,983,×ßÁË¾Í±ğÔÙ»ØÀ´,2020-09-13 20:05:38,¿´¹ı,
1761674235-60,https://movie.douban.com/subject/35182499/comments?status=P,https://movie.douban.com/subject/35182499/comments?start=40&limit=20&sort=new_score&status=P&percent_type=,ÖÊ¸ĞÒÀÈ»ºÜ°ô£¬ÌØĞ§Ò²¸ü¼Ó×¥ÈË£¬µÚÒ»¼¯¾Í¿´µÃÎÒºÃ½ôÕÅ£¬¾çÇéÕæµÄÌ«ÎüÒıÈËÁË£¬º¦ÅÂ½ôÕÅ´Ì¼¤£¬¸ú×ÅĞ¡ÈıÒ¯µÄ½Å²½ÕæµÄÒ»µã¶¼²»¸ÒËÉÆø¶ù£¬ËæÊ±ÅÂ¿´µ½Ææ¹ÖµÄ¶«Î÷£¬ÎÒÕâ¾À½áµÄĞÄ°¡£¡,ÓĞÓÃ,148,Å¯¸óÂüĞåÔ§Ñìºì,2020-09-13 20:55:05,¿´¹ı,
1761674238-61,https://movie.douban.com/subject/35182499/comments?status=P,https://movie.douban.com/subject/35182499/comments?start=60&limit=20&sort=new_score&status=P&percent_type=,µÁÄ¹±Ê¼ÇµÄÓ°ÊÓ¶¼Ò»ÑùÀÃ,ÓĞÓÃ,149,Ò»Ö»Ò°Éú¶£µ±Ã¨,2020-09-16 23:43:37,¿´¹ı,
1761674238-62,https://movie.douban.com/subject/35182499/comments?status=P,https://movie.douban.com/subject/35182499/comments?start=60&limit=20&sort=new_score&status=P&percent_type=,ÖØÆô1ÕæµÄºÜ°ô£¬²»¹ÜÔÚÌØĞ§¡¢Ñİ¼¼¡¢ÑÕÖµ¡¢³¡¾°µÄÓÃĞÄ¸÷·½Ãæ£¡ÖØÆô2¸üÊÇ¾çÇéµÄ¸ßµã£¬ÎâĞ°Ã°ÏÕÆô¶¯£¡,ÓĞÓÃ,160,zzchen,2020-09-13 20:28:28,¿´¹ı,
1761674238-63,https://movie.douban.com/subject/35182499/comments?status=P,https://movie.douban.com/subject/35182499/comments?start=60&limit=20&sort=new_score&status=P&percent_type=,µÈ·çµÈÓêµÈ×ÅÄã£¡ÖØÆôµÚ¶ş¼¾ÖÕÓÚ²¥ÁË£¡¶øÇÒÖØÆôÄÜ¸øÎÒ´øÀ´ºÃÔË£¡µÚ¶ş¼¾Ò»¿ª²¥£¬ÎÒ¾ÍÓ­À´ÁËºÃÏûÏ¢£¡¿ÉÒÔ°²ĞÄ¿´ÖØÆôÁË£¡ÖìÒ»ÁúºÍ³ÂÃ÷ê»ÀÏÊ¦Ñİ¼¼ºÃ°ô£¡¶øÇÒ»¥¶¯ÕæµÄÊÇ°®ÁË£¡ÖØÆô´ó±¬£¡,ÓĞÓÃ,193,éÙ×ÓÃ´Ã´ßÕ,2020-09-13 20:34:51,¿´¹ı,
1761674238-64,https://movie.douban.com/subject/35182499/comments?status=P,https://movie.douban.com/subject/35182499/comments?start=60&limit=20&sort=new_score&status=P&percent_type=,×÷Õß»¹ÊÇ·ÅÆú°É£¬ÄêÄêÅÄÄêÄêÀÃ¡£Å¶³ıÁË°ë½ØÉ³º£,ÓĞÓÃ,158,Ğ¡·ç³µ,2020-09-17 09:31:48,¿´¹ı,
1761674238-65,https://movie.douban.com/subject/35182499/comments?status=P,https://movie.douban.com/subject/35182499/comments?start=60&limit=20&sort=new_score&status=P&percent_type=,µÚ¶ş¼¾ÖÕÓÚÀ´ÁË£¬¾ç»Ä·­À´¸²È¥µÄ¿´ÖØÆô£¬¿´Ô¤¸æ¶şµÄ½Ú×àºÜ¿ì£¬¸ü¼Ó¾«²Ê´Ì¼¤¡£³¬ÆÚ´ıÀ×³Ç,ÓĞÓÃ,166,¸¡Éú,2020-09-13 20:33:44,¿´¹ı,
1761674238-66,https://movie.douban.com/subject/35182499/comments?status=P,https://movie.douban.com/subject/35182499/comments?start=60&limit=20&sort=new_score&status=P&percent_type=,°¡°¡°¡°¡°¡£¬ÖØÆô2À´µÄâ§²»¼°·À£¬Ò»¿ªÊ¼¾ÍÕâÃ´¾«²Ê½ôÕÅ£¡ÆÚ´ıÌúÈı½Ç¾ÛÊ×£¡ÆÚ´ıĞ¡»ï°é²¢¼çÇ°ĞĞ£¡ÎâĞ°³åÑ¼£¡,ÓĞÓÃ,144,Ä®°×,2020-09-13 20:42:18,¿´¹ı,
1761674238-67,https://movie.douban.com/subject/35182499/comments?status=P,https://movie.douban.com/subject/35182499/comments?start=60&limit=20&sort=new_score&status=P&percent_type=,µÁÄ¹Ìâ²ÄÎÒ¶¼¿´¹ı£¬Õâ¾çÕæµÄ²»ÖµµÃÄÇÃ´¸ßµÄ·Ö£¬ÑİÔ±Ñİ¼¼ÕæµÄÌ«²îÁË£¬²»ÊÇÎÒÏëÏóÖĞµÄÄÇÑù,ÓĞÓÃ,150,momo,2020-09-17 23:00:58,¿´¹ı,
1761674238-68,https://movie.douban.com/subject/35182499/comments?status=P,https://movie.douban.com/subject/35182499/comments?start=60&limit=20&sort=new_score&status=P&percent_type=,ºÁÎŞÂß¼­,ÓĞÓÃ,135,eva_zw,2020-09-19 22:41:02,¿´¹ı,
1761674238-69,https://movie.douban.com/subject/35182499/comments?status=P,https://movie.douban.com/subject/35182499/comments?start=60&limit=20&sort=new_score&status=P&percent_type=,ÖØÆôµÚ¶ş¼¾±ÈµÚÒ»¼¾»¹¾ªÏÕ´Ì¼¤°¡£¬ËÀµ±Çø¡¢À×³Ç¡¢ÌúÈı½Ç£¬ÏëÏë¾Í¼¤¶¯£¡ÔÙ¿äÒ»´ÎÉñÏÉÑ¡½Ç£¬ÑİµÃÌ«°ôÁË¡«ÎÒµÄ¿ìÀÖ»ØÀ´ÁË£¡,ÓĞÓÃ,173,°Ñ¾Æ×£¶«·ç,2020-09-13 20:29:09,¿´¹ı,
1761674238-70,https://movie.douban.com/subject/35182499/comments?status=P,https://movie.douban.com/subject/35182499/comments?start=60&limit=20&sort=new_score&status=P&percent_type=,×îÏ²»¶µÄÊÇµÚÒ»¼¾µÄÇ°Ê®¼¯ºÍµÚ¶ş¼¾Æù½ñ£¬°ÑÇ°ÃæµÄ¹ÊÊÂÂöÂç¶¼´®ÆğÀ´ÁË£¬ĞğÊÂ½Ú×àÕÅ³ÚÓĞ¶È£¬²»ÂÛÖ÷½ÇÅä½Ç£¬¸ö¸ö¶¼ºÜÉú¶¯,ÓĞÓÃ,199,nyouyou,2020-09-13 22:47:34,¿´¹ı,
1761674238-71,https://movie.douban.com/subject/35182499/comments?status=P,https://movie.douban.com/subject/35182499/comments?start=60&limit=20&sort=new_score&status=P&percent_type=,Õâ¾çµÄ²¼¾°£¬ÊµµØÅÄÉã£¬¿´µÃ³öÀ´ÊÇÓÃÁËĞÄµÄ£¬ÑİÔ±ÅÄÆğÀ´Ò²ĞÁ¿à¡£µ«ÊÇÕâ¸ö¾çÇéÕæµÄÒ»ÑÔÄÑ¾¡£¬½Ú×àÌ«Âı£¬ËÄÃÃÕæµÄ°ÑÌúÈı½Ç¼Ó±ÀÁË¡£¶øÇÒ¶¼ÊÇÃÃÃÃÁË£¬¸ãÄÇÃ´¶àêÓÃÁµÄ¶ÔÊÓ¸ÉÂï£¬²»¾ÍÊÇÏëÁ½ÊÖ×¥Âğ£¿½ñÌì¿´µÄ¸üĞÂ£¬Ğ¡¸çÒ²ÔÚ³¡µÄÊ±ºòÒª°İÈı¸öÉñÏñ£¬½ĞÁËËÄÃÃ²»½ĞËû£¬ÊÇ°ÑÕÅÆğÁé¿ª³ıÁË£¿¶ÔÎÒÀ´ËµÕâ²ÈÌìÀ×ÁË£¬¸º·Ö¹öµ°,ÓĞÓÃ,156,CMomo,2020-09-22 23:44:08,¿´¹ı,
1761674238-72,https://movie.douban.com/subject/35182499/comments?status=P,https://movie.douban.com/subject/35182499/comments?start=60&limit=20&sort=new_score&status=P&percent_type=,Ò»¶¼ÄÑ¿´ÁË£¬¾¹È»»¹ÓĞ¶ş,ÓĞÓÃ,135,momo,2020-09-17 07:12:11,¿´¹ı,
1761674238-73,https://movie.douban.com/subject/35182499/comments?status=P,https://movie.douban.com/subject/35182499/comments?start=60&limit=20&sort=new_score&status=P&percent_type=,"ÎÒÒÔÎª¹ıÈ¥ÕâÃ´¾Ã¸ÃËø·ÖÁËÄØ£¬Ã»Ïëµ½»¹ÄÜµôµô£¬ÄÇÎÒ²»¾ÍÀ´À²¡«
ËµÊµ»°ÖØÆôÕæÊÇ¸ö´óÀÃÆ¬£¬Ô­À´·ÖÊıÒ²ĞéµÄÒªËÀ£¬Ëæ±ã´ò´ò·Ö¾ÍµôÏÂÀ´¡£ÌıËµ´óÍ¶×Ê£¬ÎÒÔÚÌØĞ§ÉÏÊÇÃ»¿´µ½É¶ºÃµÄ£¬µÚÒ»¼¾ÏÂÄ¹ºÚ²¼Â¡¶¬µÄÁÁ¶Èµ÷×î´óÒ²¿´²»Çå£¬Äã»¨ÁËÇ®²»ÈÃÈË¿´Çå³şÕâËµµÃ¹ıÈ¥Ã´£¿Ò§ËÀ°¢ÄşµÄÉß£¬×öµÄÒ²Ì«ÀÃÁË°É¡£Ñ¡½ÇÒ²ÊÇ£¬ÈË¼Ò²»Ïë¿´È«°üÑÛÏßÒ»Á³¹è½ºµÄÈËÀ²¡«»¹ÓĞ£¬Ò»¸öÅ®µÄ×í¾ÆºóºÍÄĞµÄË¯Ò»ÕÅ´²£¬ĞÑÁËÄĞµÄ»¹Ë¦¹øËµÊÇÅ®µÄ·ÇÒªÅÀ´²£¬²»¹ÜÊÇ²»ÊÇÅ®µÄÅÀµÄĞ´³öÕâÖÖÉ·±Ê¾çÇé£¬±à¾çÓÍÄåÖĞÄêÄĞÈËµÄ¶ÔĞ¡¹ÃÄïµÄÒâÒùÕæÊÇÁîÈË×÷Å»¡£yue£¡
¶ÔÁË£¬ÌıËµºó°Ë¼¯ÄĞÖ÷±ä³ÉÁË½­×ÓËã£¬°¥Ñ½Ñ½Õâ¶ÔÄĞÖ÷ÑİÒ²Ì«²»×ğÖØÁË°É£¬ĞìÀÚÔõÃ´ÄÜÕâÑù¶ÔÈË¼Ò£¬ËùÒÔÕâ¸öÒ»ĞÇÕæµÄ£¬¸Ã¡«",ÓĞÓÃ,179,momo,2021-01-17 10:56:37,¿´¹ı,
1761674238-74,https://movie.douban.com/subject/35182499/comments?status=P,https://movie.douban.com/subject/35182499/comments?start=60&limit=20&sort=new_score&status=P&percent_type=,ÖìÒ»Áú¿´×ÅÌ«ÀÏÁË£¬À­¿çÕû²¿¾ç¡£ÎÒÓÀÔ¶Íü²»ÁËÄÇÒ»Á³ñŞ×Ó¶Ô×Å¾µÍ·Î¢Ğ¦µÄ»­ÃæÿÈç¹ûÓĞÏÂÒ»¼¾£¬Ç¿ÁÒÒªÇó»»ÈË,ÓĞÓÃ,83,¶¹ÓÑ214434638,2020-11-20 07:14:32,¿´¹ı,
1761674238-75,https://movie.douban.com/subject/35182499/comments?status=P,https://movie.douban.com/subject/35182499/comments?start=60&limit=20&sort=new_score&status=P&percent_type=,ÕæµÄÊÇbg bl¶¼Òª×¥¹ş,ÓĞÓÃ,143,³à¾®ĞãÒ»,2020-09-13 22:32:29,¿´¹ı,
1761674238-76,https://movie.douban.com/subject/35182499/comments?status=P,https://movie.douban.com/subject/35182499/comments?start=60&limit=20&sort=new_score&status=P&percent_type=,¾çÇéÌ«Ë®ÁË,ÓĞÓÃ,510,momo,2020-09-15 15:13:11,¿´¹ı,
1761674238-77,https://movie.douban.com/subject/35182499/comments?status=P,https://movie.douban.com/subject/35182499/comments?start=60&limit=20&sort=new_score&status=P&percent_type=,ºÇºÇ£¬ÓÖÀ´£¬34¼¯,ÓĞÓÃ,127,²»ÃÁÒò¹û,2020-09-18 01:13:53,¿´¹ı,
1761674238-78,https://movie.douban.com/subject/35182499/comments?status=P,https://movie.douban.com/subject/35182499/comments?start=60&limit=20&sort=new_score&status=P&percent_type=,ÊÀ¼ä×î¿ÉÅÂµÄ¹ÌÈ»ÊÇÈËĞÄ£¬ÊÀ¼ä×î¿É¹óµÄ£¬²»Ò²ÊÇÈËĞÄÂğ£¡ÑÓĞøµÚÒ»¼¾µÄ¾«²ÊºÍ¸Ğ¶¯£¬¼ÌĞøÀ´¿´ÖìÒ»ÁúÊÎÑİµÄÎâĞ°ºÍËûËÀÉúÓë¹²µÄĞÖµÜÃÇ£¬ÈçºÎÖ±Ãæ¹îÚÜÃüÔË£¬ÓÂ¸ÒÇ°ĞĞ£¬ÏòËÀ¶øÉú¡¢¸§Æ½ÒÅº¶µÄ¹ÊÊÂ¡£,ÓĞÓÃ,141,Ìıóİ,2020-09-13 20:49:05,¿´¹ı,
1761674238-79,https://movie.douban.com/subject/35182499/comments?status=P,https://movie.douban.com/subject/35182499/comments?start=60&limit=20&sort=new_score&status=P&percent_type=,µÚ¶ş¼¾À´µÄºÃ¿ì°¡£¡¾ªÏ²£¡ÒÀ¾ÉÊÇÈÈÑªµÄÃ°ÏÕ£¬µÚ¶ş¼¾¹ÊÊÂ¸ü¼Ó¾«²Ê´Ì¼¤°¡£¬À×³ÇÃÔµ×¾ÍÒª½Ò¿ªÀ²£¡,ÓĞÓÃ,138,ºÜÊİµÄ´óÂÜ²·,2020-09-13 20:36:44,¿´¹ı,
1761674238-80,https://movie.douban.com/subject/35182499/comments?status=P,https://movie.douban.com/subject/35182499/comments?start=60&limit=20&sort=new_score&status=P&percent_type=,ÖØÆôÎâĞ°ÓĞ×ÅÉñÆæµÄÄ§Á¦£¬¿´ÁË¾ÍÒ»¶¨»á±»ËûÕÛ·ş¡£ÊÇ¾çÇéÅ££¬Ò²ÊÇÑİÔ±Å£¡£,ÓĞÓÃ,143,²»Áô,2020-09-13 20:23:15,¿´¹ı,
1761674241-81,https://movie.douban.com/subject/35182499/comments?status=P,https://movie.douban.com/subject/35182499/comments?start=80&limit=20&sort=new_score&status=P&percent_type=,³ıÁËÌúÈı½Ç¾ÍÃ»µÄÄÜ¿´µÄÁË£¬°×ê»ÌìÕâ¸öÅ®Ö÷È«³ÌÀ­¿è£¬ÌúÈı½ÇµÄÁé»êÈËÎï±ä³É´òÊÖ£¬ºÚÏ¹×Ó¼ÌĞøÏ÷Èõ£¬»¨Ò¯Ï··İÖ±½ÓÃ»ÁË£¬¾ÍÕâ»¹µÁÄ¹±Ê¼Ç£¬Í¬ÈËÎÄ¶¼µÃÊÇÃ»ÈË¿´µÄÄÇÖÖ,ÓĞÓÃ,137,ÊéÄ«,2020-09-23 21:33:59,¿´¹ı,
1761674241-82,https://movie.douban.com/subject/35182499/comments?status=P,https://movie.douban.com/subject/35182499/comments?start=80&limit=20&sort=new_score&status=P&percent_type=,ÇàÉ½²»¸Ä£¬ÂÌË®³¤Á÷£¬Ğ¡Ğ°ÖÕÓÚÀ´À²£¡£¡ËÀµ±Çø£¬À×³Ç£¬ÓêÁÖ£¬¶¾ÆøµÈµÈ´Ì¼¤µÄ³¡Ãæ³¡¾°ÊµÔÚÊÇÌ«ÈÃÈË¼¤¶¯ÁË£¡£¡ÎâĞ°Ğ¡·Ö¶Ó¼¯½áÌúÈı½ÇÖØ¾Û£¬ÈËĞÄ±ä¶¯£¬ÒõÄ±¹îÚÜÈÃÈËÄ¿²»Ï¾½Ó£¬Ì½ÏÕ¿ªÊ¼£¡£¡,ÓĞÓÃ,142,ÇåË¼,2020-09-13 20:31:02,¿´¹ı,
1761674241-83,https://movie.douban.com/subject/35182499/comments?status=P,https://movie.douban.com/subject/35182499/comments?start=80&limit=20&sort=new_score&status=P&percent_type=,ÖØÆôµÚ¶ş¼¾£¬ÎÒË§ÆøµÄĞ¡ÈıÒ¯»ØÀ´À²£¡¸ú×ÅÎâĞ°Ò»ÆğÈëËÀµ±Çø£¬½øÀ×³Ç£¬Ì½Ñ°À×ÉùµÄÃØÃÜ£¬Ñ°ÕÒÃÕÍÅÖ®ºóµÄÕæÏà£¬ÏëÏë¾ÍºÃĞË·Ü£¡Ï£ÍûÎâĞ°¿ÉÒÔÒ»ÇĞË³Àû¡£,ÓĞÓÃ,129,_æ¸Ñ©Âä,2020-09-13 20:37:23,¿´¹ı,
1761674241-84,https://movie.douban.com/subject/35182499/comments?status=P,https://movie.douban.com/subject/35182499/comments?start=80&limit=20&sort=new_score&status=P&percent_type=,È·ÈÏÁËÊÇµÚÒ»¼¾Ô­°àÈËÂí¾ÍµÚÒ»Ê±¼ä·ÅĞÄ×·ÁË£¬È·ÊµÃ»ÈÃÈËÊ§Íû£¬µÚ¶ş¼¾ÌØ±ğºÃ¿´£¡ÅË°²×Óµ¼ÑİÕæµÄºÜÏ¸½Ú¿Ø£¬³¡¾°µÀ¾ß¶¼ºÜÓÃĞÄ£¬»­ÃæÌØĞ§Ò²ºÜ¸ß¼¶¸Ğ£¡ÑİÔ±ÕóÈİºÍÑİ¼¼ÌØ±ğÂúÒâ£¡,ÓĞÓÃ,153,¿ÉÀ­µ¹°É,2020-09-13 20:27:36,¿´¹ı,
1761674241-85,https://movie.douban.com/subject/35182499/comments?status=P,https://movie.douban.com/subject/35182499/comments?start=80&limit=20&sort=new_score&status=P&percent_type=,ÓĞµãÆË?,ÓĞÓÃ,109,Ã±¶ù,2020-09-19 22:50:53,¿´¹ı,
1761674241-86,https://movie.douban.com/subject/35182499/comments?status=P,https://movie.douban.com/subject/35182499/comments?start=80&limit=20&sort=new_score&status=P&percent_type=,12.28 hetui£¬ÔÙ¸øĞìÀÚ·ØÍ·tui¿ÚÌµ/ ĞìÀÚÖµµÃ,ÓĞÓÃ,117,±ùÓêÆ®Òç,2020-09-16 11:42:18,¿´¹ı,
1761674241-87,https://movie.douban.com/subject/35182499/comments?status=P,https://movie.douban.com/subject/35182499/comments?start=80&limit=20&sort=new_score&status=P&percent_type=,ÄÑ¿´,ÓĞÓÃ,121,ºÎÆÚĞ¡»áÓÄ»¶,2020-09-18 13:44:10,¿´¹ı,
1761674241-88,https://movie.douban.com/subject/35182499/comments?status=P,https://movie.douban.com/subject/35182499/comments?start=80&limit=20&sort=new_score&status=P&percent_type=,Î÷°Ë ËºËé,ÓĞÓÃ,105,¸ß¼ÓË÷Ó°µÛ,2020-09-15 23:19:26,¿´¹ı,
1761674241-89,https://movie.douban.com/subject/35182499/comments?status=P,https://movie.douban.com/subject/35182499/comments?start=80&limit=20&sort=new_score&status=P&percent_type=,"ÎâĞ°»ØÀ´À²°¡°¡°¡°¡£¬ ÕâÒ»¼¾È«ÊÇ±¬µã,Çé½Ú½ô´Õ´Ì¼¤£¬È«³Ì¾«²ÊÎŞÄòµã,°®ÁË°®ÁË£¬Ğ¡ÈıÒ¯£¬Äã´óµ¨µØÍùÇ°×ßÍÛ£¡",ÓĞÓÃ,131,Ò»Æ¬ºÃÅ£ÅÅ,2020-09-13 20:33:25,¿´¹ı,
1761674241-90,https://movie.douban.com/subject/35182499/comments?status=P,https://movie.douban.com/subject/35182499/comments?start=80&limit=20&sort=new_score&status=P&percent_type=,ĞÒ¸£À´µÃÌ«Í»È»£¬µÚÒ»¼¾µÄ½áÎ²ÈÃÎÒ×¥ĞÄÄÓ·ÎµÄ¡£ÖÕÓÚÓÖ¿ÉÒÔ¿´ÎâĞ°Ì½ÏÕÁË£¬¿´ÌúÈı½ÇÄ¬ÆõÎŞ±ÈÏàĞ¯¹²´³ÄÑ¹Ø¡£ÎÒÆÚ´ı×ÅÎâĞ°µÄ²¡ÔÚ»Æ½ğ¹İÒºÄÇÀïÓĞÆæ¼£¡£,ÓĞÓÃ,112,Ğ±ÑôÉúÅ¯Ğ¦,2020-09-13 20:24:52,¿´¹ı,
1761674241-91,https://movie.douban.com/subject/35182499/comments?status=P,https://movie.douban.com/subject/35182499/comments?start=80&limit=20&sort=new_score&status=P&percent_type=,´òÒ»ĞÇÊÇÒòÎªÉ¶£¬»¹²»ÊÇ±»±ÆµÄß¹¡«,ÓĞÓÃ,118,Dior.¶¤¶¤ÌÇ,2020-09-18 00:30:09,¿´¹ı,
1761674241-92,https://movie.douban.com/subject/35182499/comments?status=P,https://movie.douban.com/subject/35182499/comments?start=80&limit=20&sort=new_score&status=P&percent_type=,ºóĞøÃ»ÓĞ·´×ªµÄ»°£¬°Ñ¶şÊåÎâĞ°ÀÏ¾ÅÃÅÏ÷³ÉÕâ¸öbÑù£¬Äã¿´¹ıĞ¡ËµÂğ,ÓĞÓÃ,108,__Kirito__,2020-09-17 01:28:51,¿´¹ı,
1761674241-93,https://movie.douban.com/subject/35182499/comments?status=P,https://movie.douban.com/subject/35182499/comments?start=80&limit=20&sort=new_score&status=P&percent_type=,ÖØÆôµÄÒÑÎâĞ°Àú¾¡Ç§·«£¬¾­ÀúÁËÒ»°ãÈË¶¼ÎŞ·¨¾­ÀúµÄ¾«²ÊÈËÉú¡£µÚÒ»¼¾±ã¿ªÊ¼ÏòËÀ¶øÉú£¬ÓÂ´³ÄÏº£ÍõµØ¹¬ºÍÊ®Ò»²Ö£¬µÚ¶ş¼¾ÑÓĞø¾«²Ê£¬ÎâĞ°ÒãÈ»¾öÈ»Ì¤½øÓĞ½øÎŞ³öµÄÊ®Ò»²ÖËÀµ±Çø£¬Ñ°ÕÒÏßË÷¡£ÎâĞ°ºÍÀÏÅóÓÑĞÂÅóÓÑÒ»ÆğÀú¾­Ä¥ÄÑ£¬¾ÅËÀÒ»Éú£¬×îÖÕÔ¡»ğÖØÉúÓÚÀ×³Ç¡£,ÓĞÓÃ,117,Æáµñ,2020-09-13 20:44:35,¿´¹ı,
1761674241-94,https://movie.douban.com/subject/35182499/comments?status=P,https://movie.douban.com/subject/35182499/comments?start=80&limit=20&sort=new_score&status=P&percent_type=,ËûÌ«¶¯ÈË£¬ÎŞÖúÒ²Ì«¶¯ÈË£¬ÌÊ¹ıÑÛ½ŞµÄÑª±ÆÕæ£¬²»¼ûÌìÈÕæİÈ»Ò»Éí£¬µÃÊ§¸ÃÈçºÎÇø·Ö£¬ÊÇÂúÌÃ±ö¿ÍÄ¬ÈÏ£¿ÄóÔìĞéÎŞ²¡Ö¢£¿ÏàÓµ´«µİµÄÌåÎÂ²»¼°â§È»Ò»µÀ¿ŞÉù£¬À­³¶ËºÁÑ¾«Éñ£¬ÈÃÕâ¾Ã±ğÖØ·ê£¬À´µÃ¼°¾÷±ğ×ªÉí£¬ĞÄ×Æ»¯ÉÕ³É»Ò³¾£¬Áé»ê×·ÖğÀ×Éù£¬ÅÔ¹ÛµÄÈË¶ÔÊ²Ã´¼ê¿Ú²»Óï»äÄªÈçÉî£¬¡°ÎÒÊÇÒ»¸öÄãÃÇÖÕ½«¸æ±ğµÄÈË¡±£¬±ğÔÙÎÊÀ´Â·¹é³Ì£¬Õâ¹ÊÊÂÈÔÎ´ÍêÕû£¬Í¾ÖĞĞªĞª²»ËãÍµÉú£¬Éîº£µÄÑô¹â·ĞÌÚ£¬ÎÕ½ôÁËÏà°®µÄÈË£¬½á¾Ö»¹»áÊÇËûÃÇ£¬Ëû×î¶¯ÈË£¬ÔÚ¾øÍûÖĞÖØÉú£¬´ÓÎ´³¢ÊÔ±³Æú¼çÉÏ±³¸ºµÄ¸÷ÖÖÈËÉú£¬¡°´óµ¨Ïò×Å¹âÁÁ£¬±ğÅÂ¶¸ÇÍÉ½·å¡±£¬¡°ÄÇÀïÓĞÖ¸ÒıµÄÉñ¡±£¬ËûÀú¾­ÈËÇé±ùÀä£¬Å×È´ÂúÌìĞÇ³½£¬ÔÙ´ÎÒ»Ò»»Ó±ğÄÇĞ©ÒÑ³ÉÎª»ØÒäµÄÈË£¬¡°ÑÛíøÈç³õÇå³Î£¬·²Ğ¦±ØÓĞ»ØÔù¡±£¬ÊÇÎ´ÀÏÈ¥µÄÌìÕæ£¬,ÓĞÓÃ,139,°×ÒøÊ±´ú,2020-09-13 20:37:50,¿´¹ı,
1761674241-95,https://movie.douban.com/subject/35182499/comments?status=P,https://movie.douban.com/subject/35182499/comments?start=80&limit=20&sort=new_score&status=P&percent_type=,½¨Òé°×ê»Ììõß×ßÄ³²»ÖªÃû·ÅÑª¹¤¾ßÈËÈ¥µ±ÈıÃÃ¹ş,ÓĞÓÃ,176,momomo,2021-01-23 10:29:52,¿´¹ı,
1761674241-96,https://movie.douban.com/subject/35182499/comments?status=P,https://movie.douban.com/subject/35182499/comments?start=80&limit=20&sort=new_score&status=P&percent_type=,ÉÏÀ´¾ÍÏÎ½ÓµÚÒ»¼¾£¬»¹ºÃ°×ÌìÓÖÎÂÏ°ÁË__µÚÒ»¼¯¾Í¸ßÄÜ½ôÕÅ´Ì¼¤£¡£¡£¡ÖìÒ»ÁúÎâĞ°³¬ÔŞ£¬°¾Ò¹¿´Íê°Ë¼¯__,ÓĞÓÃ,108,QÍÅ~,2020-09-13 20:46:44,¿´¹ı,
1761674241-97,https://movie.douban.com/subject/35182499/comments?status=P,https://movie.douban.com/subject/35182499/comments?start=80&limit=20&sort=new_score&status=P&percent_type=,Ã¿ÌìÏÈ¸øĞìÀÚÀ´Ò»È­____ÔÙ¸øÖìÒ»Áú____À´Ò»È­____¼¸ÒÚÍ¶×Ê____ÅÄ³ÉÊº____À¦°ó½ÇÉ«Äã×îĞĞ____ËÄÃÃ´«____Å£______,ÓĞÓÃ,174,Collapse.,2021-03-13 18:30:18,¿´¹ı,
1761674241-98,https://movie.douban.com/subject/35182499/comments?status=P,https://movie.douban.com/subject/35182499/comments?start=80&limit=20&sort=new_score&status=P&percent_type=,½Ú×àÌ«Âı£¬Ç°8¼¯»ù±¾¿ÉÒÔ²»¿´£¬¸ĞÇéÏß»ù±¾¿ÉÒÔÂÔ¹ı£¬30¼¯µÄµçÊÓ¾ç×¢Ë®ÑÏÖØ£¬×î¶à20¼¯¾ÍÄÜÑİÍê£¬»¹ÓĞÖ÷½ÇÑİ¼¼ÓĞµãŞÎ¡£,ÓĞÓÃ,126,Õæ³ÏÓ°ÊÓÆÀ,2020-09-14 21:50:11,¿´¹ı,
1761674241-99,https://movie.douban.com/subject/35182499/comments?status=P,https://movie.douban.com/subject/35182499/comments?start=80&limit=20&sort=new_score&status=P&percent_type=,ÖØÆôµÚÒ»¼¾ÌúÈı½ÇĞÖµÜÖØ¾Û²¢Ò»²½²½½â¿ªÖØÖØĞüÄî£¬ÖìÒ»ÁúÊÎÑİµÄÎâĞ°¸øÁËÎÒºÜ´ó¾ªÏ²£¬±íÑİÏ¸½ÚÖµµÃÍÆÇÃ£¬¹²ÇéÄÜÁ¦¼«Ç¿£¬ºÜÈİÒ×½«¹ÛÖÚ´øÈëÇé¾°¡£ÈÃÈË¾õµÃ¿ÉËÜĞÔ·Ç³£Ç¿£¬Ã¿Ò»²¿Ï·¶¼ÓĞ×Ô¼º¶ÀÌØµÄÆøÖÊ¡£ÆÚ´ıµÚ¶ş¼¾£¡,ÓĞÓÃ,99,ÇáÓ°Çú²¨,2020-09-13 20:26:36,¿´¹ı,
1761674241-100,https://movie.douban.com/subject/35182499/comments?status=P,https://movie.douban.com/subject/35182499/comments?start=80&limit=20&sort=new_score&status=P&percent_type=,ÕâÊÇÎÒ¿´¹ı×î×î×î×î×îºÃ¿´µÄµÁ±Ê¾ç£¡£¡£¡£¡£¡£¡£¡£¡£¡Ã»ÓĞÖ®Ò»£¡£¡£¡£¡¸ĞĞ»ÖìÒ»ÁúµÄÑİÒï£¡£¡£¡£¡ÎÒÌ«Ï²»¶ÁË£¡£¡£¡£¡,ÓĞÓÃ,0,Ğ¡ÈıÒ¯,2020-09-30 22:09:33,¿´¹ı,